_amb_id,yr_2016,yr_2015,yr_2015_FF,yr_2014,yr_2013,yr_2012,yr_2011,yr_2010,yr_2009,yr_2008,yr_2007,yr_2006,yr_2005,yr_2004,yr_2003,yr_2002,yr_2001,yr_2000,yr_1999,yr_1998,yr_1997,yr_1996,yr_1995,yr_1994,yr_1993,yr_1992
404,7910,8740,2440,10070,3220,2390,8270,17830,13300,9400,4400,1600,,,,,,,,,,,,,,
794,28050,18050,5250,19820,15170,4580,7810,10640,13150,10575,,,,,,,,,,,,,,,,
801,2280,6540,3360,5540,1500,410,1410,2290,3000,2750,,,,,,,,,,,,,,,,
828,2100,6000,1000,4500,14250,2450,,,,,,,,,,,,,,,,,,,,
856,14150,10500,3500,7750,,,,,,,,,,,,,,,,,,,,,,
889,9000,,,,,,,,,,,,,,,,,,,,,,,,,
971,8760,23640,1690,21266,16660,19520,21280,42735,26550,10675,,,,,,,,,,,,,,,,
1106,10320,23690,7990,23540,40260,10880,16740,27475,9910,,,,,,,,,,,,,,,,,
1124,3820,,,,,,,,,,,,,,,,,,,,,,,,,
1192,9650,7850,2200,6000,2750,1200,8700,3050,,,,,,,,,,,,,,,,,,
1261,11200,6800,2500,5500,8050,1500,1750,6750,8250,2750,,,,,,,,,,,,,,,,
1382,3300,16200,2540,1500,6450,,,,,,,,,,,,,,,,,,,,,
1501,6770,23890,4290,13590,20180,22780,23090,20115,,,,,,,,,,,,,,,,,,
1579,9010,23490,890,19916,17790,12690,25630,44435,21350,10675,3000,2025,,,,,,,,,,,,,,
1618,3300,,1300,,,,,,,,,,,,,,,,,,,,,,,
1680,14590,26700,5640,10440,4160,1830,13550,15580,12250,8225,,,,,,,,,,,,,,,,
1738,10650,8000,2850,4500,,,,,,,,,,,,,,,,,,,,,,
1803,12150,9350,3800,0,1250,1500,4400,8080,3750,0,,,,,,,,,,,,,,,,
1876,10170,,,,,,,,,,,,,,,,,,,,,,,,,
2135,5500,18500,3550,10700,12020,24130,11250,6500,5750,6675,,,,,,,,,,,,,,,,
2185,26150,25450,9600,26000,21770,66785,41145,89750,58155,16850,18150,3025,,,,,,,,,,,,,,
2383,11800,16790,3350,11450,4650,15030,23355,42245,22210,18250,,,,,,,,,,,,,,,,
2388,17650,35890,10850,31200,52250,34780,44005,58795,28710,14850,,,,,,,,,,,,,,,,
2410,23500,15700,4650,14450,8500,9250,6450,12000,9500,6500,,,,,,,,,,,,,,,,
2597,6100,12150,3000,4250,2000,3750,7000,5000,750,4750,2600,1350,,,,,,,,,,,,,,
2599,17280,33340,3290,,,,,,,,,,,,,,,,,,,,,,,
2642,13640,13950,4350,19500,15990,6830,8055,7870,13250,9000,,,,,,,,,,,,,,,,
2821,21250,15000,5150,8750,8250,3800,3950,4100,3250,1000,,,,,,,,,,,,,,,,
3038,9940,19420,4280,27250,37840,20625,5200,18050,9600,5050,,,,,,,,,,,,,,,,
3086,35060,23960,6070,11290,15250,14150,11620,23655,13890,5000,,,,,,,,,,,,,,,,
3341,15990,23090,4540,10650,8840,5440,6650,8990,16200,6175,,,,,,,,,,,,,,,,
3479,25100,47780,11350,56090,38740,57635,38045,52430,12205,14750,,,,,,,,,,,,,,,,
3587,11200,18730,2890,8680,20450,11480,10020,7230,75,500,,,,,,,,,,,,,,,,
3714,10450,17880,4400,12420,10940,9080,9260,6990,7975,12050,,,,,,,,,,,,,,,,
3802,18250,,,,,,,,,,,,,,,,,,,,,,,,,
3813,17700,13750,5750,6600,5250,4250,3500,250,1500,1000,,,,,,,,,,,,,,,,
3826,,1200,100,0,0,3000,5750,6050,0,,,,,,,,,,,,,,,,,
3831,19350,14200,3250,12850,6250,7740,10165,15500,4950,5850,8600,1200,,,,,,,,,,,,,,
3921,1040,12140,550,5750,3290,4000,5830,1620,25,4300,,,,,,,,,,,,,,,,
3935,18430,17970,3650,9120,8310,6040,1820,1070,5050,2000,,,,,,,,,,,,,,,,
3988,3630,12800,1790,12590,14290,7570,3170,870,,,,,,,,,,,,,,,,,,
4043,26000,18100,4050,27650,18650,14540,14165,14500,4950,7250,9100,1200,,,,,,,,,,,,,,
4078,2590,8090,2700,2290,5330,1290,1540,8660,11150,3300,,,,,,,,,,,,,,,,
4175,16540,37460,6520,33820,36630,27735,18120,34855,17390,6375,,,,,,,,,,,,,,,,
4245,3100,8050,3050,13500,13250,800,7000,6990,4850,3925,,,,,,,,,,,,,,,,
4281,15290,13850,6440,18200,18000,9410,10670,13220,9800,8525,,,,,,,,,,,,,,,,
4313,,3900,900,600,250,1000,4250,6250,8250,3000,3100,,,,,,,,,,,,,,,
4411,6350,12750,2500,9250,6950,500,1080,2500,1625,500,,,,,,,,,,,,,,,,
4552,140,1900,100,600,250,0,0,,,,,,,,,,,,,,,,,,,
4622,20270,23960,5780,38600,20990,26630,27935,30340,10850,12200,3550,1925,,,,,,,,,,,,,,
4928,10730,19480,3670,14380,13280,11490,10765,32300,28610,15225,,,,,,,,,,,,,,,,
5011,8650,7700,3400,9000,8250,5250,5250,5000,1550,0,,,,,,,,,,,,,,,,
5058,12550,19200,5000,15700,31950,12100,34615,22230,19530,11550,,,,,,,,,,,,,,,,
5136,,,,,,,,,,,,,,,,,,,,,,,,,,
5295,,,,,,,,,,,,,,,,,,,,,,,,,,
5355,12750,20530,3240,11930,22200,16520,10190,,,,,,,,,,,,,,,,,,,
5396,38050,49100,8250,24250,26870,30300,,,,,,,,,,,,,,,,,,,,
5413,3850,,,,,,,,,,,,,,,,,,,,,,,,,
5448,21250,36600,4250,33520,38200,23800,9000,12525,12000,11100,7100,1600,,,,,,,,,,,,,,
5463,2250,6500,2000,7000,7000,1750,500,4000,5500,0,,,,,,,,,,,,,,,,
5487,7850,16950,4450,19550,23250,10500,12250,11050,12500,4000,,,,,,,,,,,,,,,,
5557,7860,17290,3840,30830,31595,21270,17520,26680,12650,9000,,,,,,,,,,,,,,,,
5583,17870,37750,8500,20260,39140,2880,8140,5390,2775,7250,,,,,,,,,,,,,,,,
5589,20900,27250,6400,32650,23550,11500,4200,1540,0,0,,,,,,,,,,,,,,,,
5647,2740,6540,3550,2540,6580,4290,5790,7410,10400,4150,,,,,,,,,,,,,,,,
5657,13630,25100,7820,27880,31570,22040,15365,43350,30860,15225,,,,,,,,,,,,,,,,
5662,8830,14970,1480,14210,5870,6440,23775,21385,18410,11725,,,,,,,,,,,,,,,,
5724,7850,5750,1950,5000,4750,5000,3000,8330,2750,5000,,,,,,,,,,,,,,,,
5759,7150,,,,,,,,,,,,,,,,,,,,,,,,,
5882,1780,,,,,,,,,,,,,,,,,,,,,,,,,
5967,8550,17900,3150,5450,3200,610,1850,600,4900,1525,100,,,,,,,,,,,,,,,
6018,11900,12090,2640,20100,16250,9790,10330,9500,11550,12000,,,,,,,,,,,,,,,,
6051,10090,12140,4990,5500,3290,2390,5000,2675,,,,,,,,,,,,,,,,,,
6309,6770,22540,4040,11590,19750,12370,16940,25425,15510,5575,,,,,,,,,,,,,,,,
6310,23150,30068,9010,19560,8120,5750,2290,9750,6750,3500,,,,,,,,,,,,,,,,
6385,1800,,3450,,,,,,,,,,,,,,,,,,,,,,,
6439,11350,22200,1750,15500,21325,16250,,,,,,,,,,,,,,,,,,,,
6536,5450,12200,2950,12500,12000,250,2000,2250,1050,3000,,,,,,,,,,,,,,,,
6715,10250,10400,1400,,,,,,,,,,,,,,,,,,,,,,,
6728,22580,15150,4200,10100,4020,4310,4590,2580,12375,6000,,,,,,,,,,,,,,,,
7008,3950,13500,3200,9000,5500,6250,4500,3250,2500,1250,,,,,,,,,,,,,,,,
10095,25470,18670,3500,13328,9064,13122,19768,14696,21960,25290,23625,18730,16420,16420,17210,5530,2240,3220,5130,5900,5200,3450,1750,2570,5990,2803
10355,15550,14870,6520,10740,5610,13962,13756,4552,5760,8698,11043,17210,13010,9630,7650,7950,6530,5590,10220,11695,4000,2560,1655,13250,15100,7134
10450,30300,21090,7250,7200,12840,20010,17600,14120,22740,22100,27250,26080,19160,24460,18420,18530,12110,5010,13360,17320,13260,34015,20130,24415,24904,13724
10454,10550,11256,3870,7060,5340,17058,9714,5384,6760,7890,16825,14615,13410,9560,10970,7530,6540,5050,7600,13370,7230,19761,19574,20286,15310,2680
10506,30870,17040,9550,3150,6140,11810,19130,10485,22780,22600,20540,28400,7830,9180,7640,19290,16930,13380,22860,43690,25230,17830,9557,7025,11511,2560
10525,22710,12300,4190,12680,10158,15540,16674,10604,15075,20215,15480,17000,11460,11140,17420,11980,6960,4620,16450,15160,200,10390,6200,19000,23810,13026
10794,31440,34420,4680,22900,21980,38010,35840,30668,31775,39910,40925,37485,30460,30960,24200,20410,15070,16140,10880,14625,9490,29020,14040,17920,19927,6438
10802,31800,34320,6960,25860,13670,20800,23290,13830,7080,4340,5368,7500,2320,19740,21760,7560,6650,5640,5940,10200,3600,2620,3080,4450,2280,1455
10887,10110,4320,640,13170,,,,,,,,,,,,,,,,,,,,,,
11363,51190,25688,9510,24510,36416,43170,35070,15540,21425,29813,16775,25475,33480,32540,11840,2688,10180,10720,7840,17305,25670,24648,19008,7677,9417,875
11396,6290,12888,400,11040,8260,6868,9042,19822,19290,13520,37880,34180,10400,14720,28700,17460,24030,18590,16730,11650,11720,8450,14850,8000,20020,200
11957,40270,27372,8700,1660,24380,37574,27744,24548,26620,28015,38218,53555,27210,22800,32160,27760,13740,9360,30000,23320,26740,34990,40161,32983,3775,
12345,250,1450,0,,,,,,,,,,,,,,,,,,,,,,,
12359,35030,37054,15198,18920,39670,38908,29758,17808,17050,39045,37650,27235,36270,44140,35460,43990,28860,25450,24430,27920,21580,24460,16399,10909,,
12838,11770,11222,4910,10300,7130,15178,10210,9820,10450,15860,31280,17790,23710,22260,22560,13500,180,10290,7950,13840,4940,4380,560,0,0,0
13508,16950,14540,4296,16690,70160,30770,27510,20980,21400,31620,31510,11113,11020,10640,21000,16020,11650,6920,27610,45800,58320,17898,,,,
14013,17590,17460,5370,17758,30574,25472,26786,21352,25150,18495,18550,20820,23100,26280,24580,20080,11180,20900,22290,29235,21430,,,,,
14133,27450,39580,9290,27920,21388,38360,28330,17560,39980,43460,38580,28815,23265,17230,22860,16380,10750,13620,14950,35575,11900,,,,,
14344,10620,12170,4630,,,,,,,,,,,,,,,,,,,,,,,
14536,23860,25470,5500,10920,15240,18280,17320,11690,9540,24920,31480,15730,12600,18300,14680,23680,22570,22330,24980,14180,,,,,,
14580,25260,34600,5000,22940,11440,2250,0,8135,25350,39840,43680,37780,17920,28680,41360,15120,15370,17200,21470,15620,,,,,,
14682,14450,24530,4930,12230,5460,16810,12150,8720,10300,7150,6365,4740,6530,7830,9950,6460,6260,5420,6010,1075,,,,,,
14840,4020,2320,540,6220,3950,2600,3570,1560,2375,3160,3600,300,630,5850,4320,6300,7590,9290,7320,,,,,,,
14908,46630,18220,9366,20714,28898,33320,29610,19536,24505,19975,14435,16095,18300,23620,31600,25350,24720,22210,7650,,,,,,,
15016,18960,27280,3830,41620,40990,33920,37716,39700,26240,50020,42265,59440,43380,42120,28340,23120,21120,17750,5040,,,,,,,
15177,27110,40970,6130,18500,24390,35420,29120,24640,42720,28160,8510,11080,11360,19620,41100,21440,28530,17220,,,,,,,,
15178,24090,38670,3850,32520,29250,11940,8192,3912,7500,6713,5781,4543,4065,11520,13020,10390,7070,6290,,,,,,,,
15299,,,,,,,,,,,,,,,,,,,,,,,,,,
15366,33930,30572,11670,32790,24986,30940,33678,35740,36105,46225,31805,38400,42580,36040,17410,17870,10920,5560,,,,,,,,
15373,42920,50140,14070,30310,39775,37150,30710,25720,45540,45280,31620,25700,13100,3200,4650,2700,2410,1820,,,,,,,,
15424,23100,12420,5250,15960,11120,19030,26510,48920,33260,35400,39340,42200,23980,30160,19180,24090,17390,6100,,,,,,,,
15495,24350,28570,2750,8660,11150,,,,,,,,,,,,,,,,,,,,,
15509,27650,19678,4294,7992,8580,12624,13030,6026,7230,10310,12995,15040,4100,8340,6750,1260,4940,,,,,,,,,
15514,28870,40688,5374,28832,24080,33404,26434,29456,33575,39650,47225,34570,30950,24200,22360,14010,5170,160,,,,,,,,
15606,23150,21140,4274,20422,17694,23432,24476,20320,22850,49225,17078,30390,24740,24160,15440,8310,5160,,,,,,,,,
15632,21050,21450,2800,11500,5360,18390,18370,7265,7560,3510,2800,19880,13760,5600,,5720,7310,,,,,,,,,
15777,19280,33590,8360,13890,15210,17860,12310,9160,9140,3745,24755,30685,25280,22180,26580,24020,5340,,,,,,,,,
16020,30910,25276,10820,19842,24138,26904,22560,17812,25120,39675,27810,32760,20460,22920,38380,29700,,,,,,,,,,
16071,34250,20312,8790,27438,22390,29180,28050,23280,36750,39275,27650,18695,20020,21120,21360,10080,,,,,,,,,,
16085,22800,31190,7070,10880,20350,19820,17640,28200,26660,20970,15910,16000,8080,3800,0,1000,,,,,,,,,,
16130,11690,5250,4680,4900,5570,8870,7738,8220,4638,10650,15868,28080,21820,19260,23800,10910,,,,,,,,,,
16273,7850,10720,320,5150,3314,5074,5352,2456,3850,5063,2428,2373,2040,3420,4320,1080,,,,,,,,,,
16327,26770,37080,3500,42680,26380,40220,40120,15920,14490,21380,45080,26980,17080,25000,32780,10630,,,,,,,,,,
16344,6620,9290,2752,5600,2240,10420,10080,3410,6330,9885,7750,4490,4650,4940,8300,4340,,,,,,,,,,
16351,18470,29778,6580,15146,17296,17682,20854,12000,8258,21240,25335,20220,23440,24390,16610,3710,,,,,,,,,,
16407,11860,13120,1750,8490,10210,8690,9732,1644,5263,7050,8600,5153,9405,4320,3200,,,,,,,,,,,
16458,16850,16200,4720,28380,17810,20430,7590,19200,22145,37165,43750,32585,28670,24140,28140,2080,,,,,,,,,,
16532,5450,,,,,,,,,,,,,,,,,,,,,,,,,
16534,31360,34740,9450,14590,11690,21080,39970,20120,15830,31405,39440,25650,35900,24240,14240,,,,,,,,,,,
16615,33750,27550,11840,45410,46882,45870,25710,13244,17190,30750,27025,25275,6380,4960,4760,,,,,,,,,,,
16653,30100,13176,3184,15030,7114,13188,14952,1660,1551,3670,1725,1310,270,540,360,,,,,,,,,,,
16658,45250,23110,11070,25465,26840,22995,31860,21584,23725,27675,27300,18280,18790,16940,5520,,,,,,,,,,,
16663,12370,14920,3390,7292,15160,14290,17404,7820,12950,20475,13230,9280,9330,13590,13670,,,,,,,,,,,
16676,20170,26030,4250,17174,6110,6042,4394,,,,,,,,,,,,,,,,,,,
16695,17870,7850,7822,11800,15090,19928,18340,23112,22300,23593,22525,22205,32330,21800,16410,,,,,,,,,,,
16711,26810,35760,5250,1700,1300,,,10585,3760,17110,32890,24940,8280,11320,7400,,,,,,,,,,,
16732,2280,160,1120,360,,,,,,,,,,,,,,,,,,,,,,
16777,28750,29630,2000,17110,,,,,,,,,,,,,,,,,,,,,,
16790,12340,13390,2750,10100,18780,17360,15040,17320,17470,20820,18040,5800,1170,4600,8440,19630,1510,,,,,,,,,
16813,22810,25500,3260,28930,32250,19110,16890,8080,11838,52025,19750,8730,22700,23360,5140,,,,,,,,,,,
16883,6695,,,,,,,,,,,,,,,,,,,,,,,,,
17147,31970,42630,12990,42190,42150,28136,25870,18860,18900,24150,25650,9775,7035,1100,,,,,,,,,,,,
17315,24720,14250,6050,0,0,6650,15356,15464,8863,6654,19105,19950,24780,12540,,,,,,,,,,,,
17425,33790,31992,13590,27576,34906,30876,24648,22112,25870,28280,23795,30350,23250,7960,,,,,,,,,,,,
17450,28350,21200,4000,13400,7230,12270,13450,5510,11730,1630,4840,1000,1780,4440,1890,3240,990,1800,5960,10490,4100,890,1100,2860,1390,525
17645,25000,19448,5558,13530,17810,15172,27568,10780,11260,15020,16400,20620,7080,840,,,,,,,,,,,,
17690,36530,44990,12218,31580,30690,26718,38196,36292,29865,36935,38345,30005,38420,320,,,,,,,,,,,,
17693,14450,23624,4250,21158,17724,21460,15430,10840,12478,19150,12145,6743,7210,,,,,,,,,,,,,
17772,40270,42430,13998,40042,42134,39290,31670,9552,8085,16050,16325,17760,26360,,,,,,,,,,,,,
17819,22560,31060,4250,15380,23940,29480,26280,10985,9280,,,,,,,,,,,,,,,,,
17850,31890,40000,11250,24290,27086,33806,28700,20476,24040,15350,15705,14735,5980,7000,,,,,,,,,,,,
17851,30590,26690,13860,17326,18106,24560,9562,16484,9100,13053,13425,11530,8090,,,,,,,,,,,,,
17858,32630,17988,5330,3850,13274,21390,16050,25116,19705,36775,50920,42675,18560,,,,,,,,,,,,,
17870,32700,34100,7550,19780,14870,10984,12360,7300,8690,7708,14425,3075,300,,,,,,,,,,,,,
17915,40570,35670,7308,30502,28748,36420,35354,22316,20095,17295,13650,10100,10780,,,,,,,,,,,,,
17964,24610,9048,4020,10840,18230,20540,25528,18776,19715,17275,19855,15320,7990,,,,,,,,,,,,,
18031,11730,13900,3880,20350,,,,,,,,,,,,,,,,,,,,,,
18173,28130,36710,6600,10220,8640,25480,20450,16036,20800,28165,14520,9855,2880,,,,,,,,,,,,,
18179,24560,20340,4100,23136,42550,9888,12978,,,,,,,,,,,,,,,,,,,
18182,32360,41380,8050,22320,28080,34600,29680,21220,26135,17675,24345,25255,3530,,,,,,,,,,,,,
18276,36770,40632,9550,32916,42896,44692,27090,18400,14980,26170,19850,11000,,,,,,,,,,,,,,
18334,35530,62250,13940,11000,,,,,,,,,,,,,,,,,,,,,,
18421,,,,,,,,,,,,,,,,,,,,,,,,,,
18430,18290,11180,4672,,,,,,,,,,,,,,,,,,,,,,,
18488,14330,14864,3190,10972,4814,9388,6556,4448,5570,8550,2500,450,,,,,,,,,,,,,,
18495,11000,21714,6380,15480,8014,9866,15556,7840,5445,5513,7971,2950,,,,,,,,,,,,,,
18520,22590,28960,9710,23680,18032,26626,28446,27820,35065,38835,25475,4975,,,,,,,,,,,,,,
18585,24430,32874,4670,19030,27470,34470,18028,12540,26200,22150,27275,5600,,,,,,,,,,,,,,
18661,39600,32680,10300,22030,39224,28640,25300,12800,19475,19225,6845,150,6580,20120,16070,14180,11100,11400,8630,11075,5000,10810,8486,12035,6234,
18667,11090,8030,2290,8490,1340,,,,,,,,,,,,,,,,,,,,,
18668,3090,,,,,,,,,,,,,,,,,,,,,,,,,
18717,13160,23900,7790,21130,16670,31630,26650,22370,24970,28705,14725,,,,,,,,,,,,,,,
18720,39130,36320,13350,25690,50490,82030,42262,21000,10570,3363,1650,,,,,,,,,,,,,,,
18741,5380,17540,4000,7650,6650,7460,16270,520,550,1100,100,,,,,,,,,,,,,,,
18742,34570,24060,7650,22776,32370,36344,26474,29620,43225,42350,33650,,,,,,,,,,,,,,,
18750,12070,13320,5470,7960,3810,11564,10778,5128,11320,7805,13800,,,,,,,,,,,,,,,
18757,24170,15340,5354,6212,8374,11740,9216,13112,15700,18553,8300,,,,,,,,,,,,,,,
18822,18200,20940,6078,17798,15696,24860,13904,7602,5533,8475,2950,,,,,,,,,,,,,,,
18872,38210,12616,7540,16930,18864,37300,27730,23380,,,,,,,,,,,,,,,,,,
18918,15210,19580,6270,13012,15468,20290,20460,,,,,,,,,,,,,,,,,,,
18946,13270,20188,2280,20938,19988,6910,,,,,,,,,,,,,,,,,,,,
19048,10830,20070,5390,12550,18010,29810,6120,,,,,,,,,,,,,,,,,,,
19111,28990,26210,7890,20950,5420,17632,23396,11672,3125,7908,2175,,,,,,,,,,,,,,,
19122,31050,35270,7604,29982,29040,65280,58010,38316,33020,32825,1000,,,,,,,,,,,,,,,
19140,4700,,,,,,,,,,,,,,,,,,,,,,,,,
19150,18330,20844,3016,18290,17346,22678,24594,16840,14103,19105,900,,,,,,,,,,,,,,,
19162,36150,46510,7500,38470,29040,40190,,,,,,,,,,,,,,,,,,,,
19172,7250,17050,2250,11000,17800,12250,,,,,,,,,,,,,,,,,,,,
19178,9500,18700,2250,16750,20300,17750,,,,,,,,,,,,,,,,,,,,
19180,1730,6350,140,5090,2840,2820,1870,1960,11200,4825,750,1425,,,,,,,,,,,,,,
19185,5700,8350,800,2750,9500,800,2250,5500,4500,11500,4850,1300,,,,,,,,,,,,,,
19187,9650,13500,4000,12750,22650,9040,13220,7990,11525,4875,,,,,,,,,,,,,,,,
19194,34950,30900,7250,28270,13050,16450,,,,,,,,,,,,,,,,,,,,
19197,21650,34450,6750,18890,17870,28485,,,,,,,,,,,,,,,,,,,,
19198,16150,25500,5150,13550,,,,,,,,,,,,,,,,,,,,,,
19199,22550,18050,2150,,,,,,,,,,,,,,,,,,,,,,,
19203,13150,23950,4250,9000,3500,7000,,,,,,,,,,,,,,,,,,,,
19208,1700,6190,2500,8830,1840,160,,,,,,,,,,,,,,,,,,,,
19212,22150,30750,6750,17550,18750,26000,,,,,,,,,,,,,,,,,,,,
19283,19350,31260,2750,30780,24110,18700,,,,,,,,,,,,,,,,,,,,
19293,22000,38300,5450,34750,41350,25350,8500,3525,5500,1250,,,,,,,,,,,,,,,,
19311,15050,26500,8250,17870,17980,23250,,,,,,,,,,,,,,,,,,,,
19343,19050,15700,3250,11650,6500,10000,,,,,,,,,,,,,,,,,,,,
19345,6260,,,,,,,,,,,,,,,,,,,,,,,,,
19346,9200,14000,1250,15250,19500,,,,,,,,,,,,,,,,,,,,,
19403,13450,23250,2250,21250,23490,30800,,,,,,,,,,,,,,,,,,,,
19426,4825,,,,,,,,,,,,,,,,,,,,,,,,,
19438,0,3700,0,,,,,,,,,,,,,,,,,,,,,,,
19465,32030,6310,4850,0,5790,30460,28720,38820,44420,22020,,,,,,,,,,,,,,,,
19470,8550,24800,2750,12200,,,,,,,,,,,,,,,,,,,,,,
19506,30110,,6880,,,,,,,,,,,,,,,,,,,,,,,
19535,19210,14940,4880,18010,14800,22420,7410,7784,12080,8260,,,,,,,,,,,,,,,,
19550,4220,12880,3490,14900,26330,32730,16020,17930,17800,11900,,,,,,,,,,,,,,,,
19587,32270,27272,6740,22306,25716,24780,22004,21028,16075,14000,,,,,,,,,,,,,,,,
19588,16750,28450,14026,17020,15182,11206,,,,,,,,,,,,,,,,,,,,
19612,,,,,,,,,,,,,,,,,,,,,,,,,,
19616,15180,18200,2400,15870,11230,21880,6800,3240,0,3700,18100,10700,5370,7680,32740,25280,15140,9830,18950,27890,18570,17080,,,,
19639,15350,13446,3190,10602,19398,17550,10630,17712,17205,15560,,,,,,,,,,,,,,,,
19652,650,5850,2200,2900,0,0,450,280,2375,4500,,,,,,,,,,,,,,,,
19695,34860,39540,9210,28510,24595,40328,33162,16532,19745,10220,,,,,,,,,,,,,,,,
19707,24250,2500,1000,,,,,,,,,,,,,,,,,,,,,,,
19754,7550,22250,2250,17550,18000,10750,,,,,,,,,,,,,,,,,,,,
19793,4050,17750,2500,13250,4770,11750,,,,,,,,,,,,,,,,,,,,
19804,26650,25130,7250,27520,17820,14550,,,,,,,,,,,,,,,,,,,,
19812,9050,21300,5250,16500,10900,16500,,,,,,,,,,,,,,,,,,,,
19875,17950,16600,2500,5250,,,,,,,,,,,,,,,,,,,,,,
19886,14060,11670,2450,5480,5070,5100,9640,8000,,,,,,,,,,,,,,,,,,
19894,27650,12300,7000,,,,,,,,,,,,,,,,,,,,,,,
19901,19370,25780,5380,21120,,,,,,,,,,,,,,,,,,,,,,
19904,2550,23200,2750,16250,,,,,,,,,,,,,,,,,,,,,,
19921,46250,28900,7750,19800,23850,26000,,,,,,,,,,,,,,,,,,,,
19943,11760,16470,3040,16010,12010,9520,10370,9840,13225,2050,,,,,,,,,,,,,,,,
19978,22850,21250,4500,14250,14500,15250,,,,,,,,,,,,,,,,,,,,
20035,350,,,,,,,,,,,,,,,,,,,,,,,,,
20042,9550,13700,3250,15750,19365,14920,,,,,,,,,,,,,,,,,,,,
20046,4250,10250,2500,7000,5250,12750,,,,,,,,,,,,,,,,,,,,
20048,8400,10350,3900,6250,0,2750,0,250,500,0,,,,,,,,,,,,,,,,
20059,23650,16350,5500,16250,26850,19750,,,,,,,,,,,,,,,,,,,,
20073,15090,12940,4190,3500,,,,,,,,,,,,,,,,,,,,,,
20128,8550,17950,3250,15650,19250,,,,,,,,,,,,,,,,,,,,,
20168,11950,16750,250,10250,16750,15250,,,,,,,,,,,,,,,,,,,,
20202,15400,12450,4250,9550,2000,,,,,,,,,,,,,,,,,,,,,
20243,3150,13200,1700,11500,16000,1000,,,,,,,,,,,,,,,,,,,,
20247,36970,,3000,,,,,,,,,,,,,,,,,,,,,,,
20261,1040,9340,550,6250,3340,4000,6430,1620,25,2575,,,,,,,,,,,,,,,,
20264,77210,45366,18966,19510,23250,,,,,,,,,,,,,,,,,,,,,
20302,13800,11250,2250,13750,15000,16250,,,,,,,,,,,,,,,,,,,,
20307,2180,5240,2010,4790,500,160,1160,540,5500,1400,,,,,,,,,,,,,,,,
20338,20900,27100,6000,4750,,,,,,,,,,,,,,,,,,,,,,
20341,22750,13876,3660,8020,,,,,,,,,,,,,,,,,,,,,,
20343,31590,27900,4110,24460,19600,28788,21130,18560,21470,6850,,,,,,,,,,,,,,,,
20347,3150,3250,200,2350,10750,520,0,,,,,,,,,,,,,,,,,,,
20365,3580,13600,1400,14850,18100,4940,14975,21300,10925,10650,,,,,,,,,,,,,,,,
20386,7010,6620,2110,1250,3570,5500,,,,,,,,,,,,,,,,,,,,
20428,7850,5980,1990,9370,11680,21980,8190,,,,,,,,,,,,,,,,,,,
20479,11250,18750,2000,14500,11250,9500,,,,,,,,,,,,,,,,,,,,
20482,19240,23760,7550,11158,5290,7850,2040,,,,,,,,,,,,,,,,,,,
20517,18570,22270,4630,17910,10740,13050,12035,17090,17500,2975,,,,,,,,,,,,,,,,
20550,26560,25160,7570,28150,31912,,,,,,,,,,,,,,,,,,,,,
20553,8850,10760,3040,26240,12440,7800,9350,12250,5525,5400,,,,,,,,,,,,,,,,
20626,5780,4200,1620,8760,6240,9350,7784,4020,5013,1600,700,,,,,,,,,,,,,,,
20653,12850,5800,2000,7700,9250,,,,,,,,,,,,,,,,,,,,,
20699,20150,30942,5818,21170,18836,23544,22536,20530,22850,4470,,,,,,,,,,,,,,,,
20701,10550,13600,0,8790,3610,1300,,,,,,,,,,,,,,,,,,,,
20716,14750,21210,7440,20620,27550,5870,1580,8300,11705,4250,,,,,,,,,,,,,,,,
20752,12030,,,,,,,,,,,,,,,,,,,,,,,,,
20754,16690,17060,4120,11590,17000,14150,11620,22855,13890,2000,,,,,,,,,,,,,,,,
20776,10160,21840,500,17350,13240,9260,8210,14296,8713,450,,,,,,,,,,,,,,,,
20824,48330,37470,13082,22972,27218,25414,31160,28264,24960,2100,,,,,,,,,,,,,,,,
20871,1200,5750,1500,2100,0,250,250,0,0,0,,,,,,,,,,,,,,,,
20879,9480,7730,1590,12434,10408,5716,8310,2596,2475,500,,,,,,,,,,,,,,,,
20905,8640,12580,3980,8870,2070,4830,6260,9640,10900,7400,5925,1200,,,,,,,,,,,,,,
20911,24150,23200,4400,10250,12250,7000,,,,,,,,,,,,,,,,,,,,
20934,10250,,2950,,,,,,,,,,,,,,,,,,,,,,,
20945,12860,19210,2720,,,,,,,,,,,,,,,,,,,,,,,
20953,19720,3524,5666,,,,,,,,,,,,,,,,,,,,,,,
20955,4390,5610,2350,2850,6300,2790,4480,2440,6175,,,,,,,,,,,,,,,,,
20980,24800,16264,1200,27418,33454,33380,25572,24272,13950,,,,,,,,,,,,,,,,,
20993,22080,18860,1900,13290,21610,13502,32912,19164,20595,,,,,,,,,,,,,,,,,
21001,2750,6200,1700,1500,1750,2750,3000,6000,300,,,,,,,,,,,,,,,,,
21006,2050,8750,2290,14176,7610,7520,14320,5940,1150,,,,,,,,,,,,,,,,,
21139,7490,37050,1120,41580,42860,46380,6480,,,,,,,,,,,,,,,,,,,
21217,15920,18408,2064,10088,19490,20024,24504,19872,8950,,,,,,,,,,,,,,,,,
21218,22700,30940,6340,31544,24998,20858,20272,25320,10550,,,,,,,,,,,,,,,,,
21255,9355,,,,,,,,,,,,,,,,,,,,,,,,,
21294,4800,12950,250,18250,14000,19050,,,,,,,,,,,,,,,,,,,,
21311,12810,18750,5250,17600,14760,1550,3250,720,2500,3765,4150,1518,2500,11070,10800,10980,6110,6860,9860,8275,6450,4500,3306,2175,6365,4325
21314,18560,25350,4000,11850,5960,1750,2540,5460,6960,100,1750,705,1280,3420,6300,5410,1440,,,,,,,,,
21315,100,3600,900,0,0,250,1000,2500,0,,,,,,,,,,,,,,,,,
21316,20850,400,5250,,0,1000,2500,6000,5500,,,,,,,,,,,,,,,,,
21337,13300,,,,,,,,,,,,,,,,,,,,,,,,,
21345,15630,20120,5550,20506,21084,19960,11324,8380,2525,,,,,,,,,,,,,,,,,
21411,22840,,1450,,,,,,,,,,,,,,,,,,,,,,,
21425,29150,16750,3750,14500,15250,19800,,,,,,,,,,,,,,,,,,,,
21430,11350,,,,,,,,,,,,,,,,,,,,,,,,,
21458,31950,19580,5490,19390,9020,4320,2760,5750,550,,,,,,,,,,,,,,,,,
21459,48830,49534,8760,33642,33156,21650,,,,,,,,,,,,,,,,,,,,
21482,29150,20928,4450,23590,26810,31710,19598,19130,3550,,,,,,,,,,,,,,,,,
21503,5560,,,,,,,,,,,,,,,,,,,,,,,,,
21556,8570,9390,1240,6360,5974,5220,5120,1180,450,,,,,,,,,,,,,,,,,
21570,11270,,,,,,,,,,,,,,,,,,,,,,,,,
21585,9230,5890,2490,5920,2070,3450,6480,5850,4100,,,,,,,,,,,,,,,,,
21629,15750,3050,3400,,,,,,,,,,,,,,,,,,,,,,,
21637,23450,29100,2250,21296,26354,35512,28344,16200,1500,,,,,,,,,,,,,,,,,
21640,15920,42590,9210,23534,18410,22338,17220,2424,300,,,,,,,,,,,,,,,,,
21670,18750,25150,4000,11500,16950,,,,,,,,,,,,,,,,,,,,,
21675,17350,11070,3220,3660,400,850,1800,0,0,,,,,,,,,,,,,,,,,
21692,9925,16500,5075,7800,8130,10710,1000,200,100,,,,,,,,,,,,,,,,,
21697,13920,28100,4540,25470,11290,20120,10390,2512,550,,,,,,,,,,,,,,,,,
21703,4520,5950,2040,2680,2480,6840,4780,460,0,,,,,,,,,,,,,,,,,
21761,,,,,,,,,,,,,,,,,,,,,,,,,,
21774,28440,25275,8900,27865,26345,37185,14290,,,,,,,,,,,,,,,,,,,
21796,4500,13750,1100,3500,2200,160,2450,800,,,,,,,,,,,,,,,,,,
21800,4850,20650,2750,20750,16000,10000,,,,,,,,,,,,,,,,,,,,
21807,16550,20990,3010,14622,16670,16100,9460,2800,,,,,,,,,,,,,,,,,,
21826,21125,18920,5930,19160,25015,46970,18250,,,,,,,,,,,,,,,,,,,
21831,42650,36312,11824,20956,19088,13434,24468,15056,,,,,,,,,,,,,,,,,,
21900,21610,32892,6768,22740,21114,12150,10624,10140,,,,,,,,,,,,,,,,,,
21907,9930,9750,5040,8380,12774,4600,8204,3528,,,,,,,,,,,,,,,,,,
21909,5850,11450,3600,7500,1750,3750,8250,7250,,,,,,,,,,,,,,,,,,
21920,29150,21744,7258,4760,13260,6820,13932,5380,,,,,,,,,,,,,,,,,,
21923,14910,30590,5390,34940,23160,34830,22070,6390,,,,,,,,,,,,,,,,,,
21951,12650,14430,2250,15000,2420,,,,,,,,,,,,,,,,,,,,,
21974,8940,,,,,,,,,,,,,,,,,,,,,,,,,
21975,34070,26640,5816,17774,22930,4350,5230,3044,,,,,,,,,,,,,,,,,,
21979,27590,38870,6950,26120,19760,29510,16412,6150,,,,,,,,,,,,,,,,,,
21985,13480,15052,4772,11280,12626,,,,,,,,,,,,,,,,,,,,,
21986,35590,29530,6590,12040,9516,2352,0,200,,,,,,,,,,,,,,,,,,
21993,500,7150,2000,,,,,,,,,,,,,,,,,,,,,,,
21998,22070,31470,10330,14004,24254,54110,48310,9080,,,,,,,,,,,,,,,,,,
22018,7830,6220,240,7210,10520,,,,,,,,,,,,,,,,,,,,,
22027,2900,,,,,,,,,,,,,,,,,,,,,,,,,
22033,16670,16115,4430,6880,12740,13800,11800,,,,,,,,,,,,,,,,,,,
22068,13960,13270,3000,12700,5960,3990,8790,8000,,,,,,,,,,,,,,,,,,
22097,4900,10450,3000,8250,1250,2250,750,300,,,,,,,,,,,,,,,,,,
22112,49650,56330,13860,32562,38752,59210,53130,18088,,,,,,,,,,,,,,,,,,
22116,11750,19100,5500,6750,5750,9750,,,,,,,,,,,,,,,,,,,,
22130,6100,15250,2250,4750,1000,,,,,,,,,,,,,,,,,,,,,
22131,7900,8400,2600,6000,250,4250,1750,300,,,,,,,,,,,,,,,,,,
22186,13450,18700,4250,17000,17750,17250,,,,,,,,,,,,,,,,,,,,
22190,25370,14260,8530,12200,15420,6830,15620,5610,,,,,,,,,,,,,,,,,,
22194,20350,28200,4250,20600,21330,29080,,,,,,,,,,,,,,,,,,,,
22199,67590,22790,5936,35296,28142,17476,14828,10540,,,,,,,,,,,,,,,,,,
22216,2770,4850,1990,6070,7630,4040,2530,960,,,,,,,,,,,,,,,,,,
22218,13350,17700,3500,18400,19000,20250,,,,,,,,,,,,,,,,,,,,
22274,11640,,,,,,,,,,,,,,,,,,,,,,,,,
22290,,,,,,,,,,,,,,,,,,,,,,,,,,
22294,17410,31700,5300,10454,9242,10260,9464,2840,,,,,,,,,,,,,,,,,,
22325,4450,24100,5000,7750,24345,25630,,,,,,,,,,,,,,,,,,,,
22328,3950,4900,2100,,,,,,,,,,,,,,,,,,,,,,,
22335,17850,6750,3000,,,,,,,,,,,,,,,,,,,,,,,
22353,3450,24350,1250,15500,14000,6100,,,,,,,,,,,,,,,,,,,,
22381,7800,9350,1900,900,0,0,0,0,,,,,,,,,,,,,,,,,,
22402,15400,4800,2100,6500,2250,2000,9025,2000,,,,,,,,,,,,,,,,,,
22404,2750,3750,2500,4250,5250,12500,6000,,,,,,,,,,,,,,,,,,,
22405,15600,7100,3000,8100,9250,8750,,,,,,,,,,,,,,,,,,,,
22411,18270,6390,4080,,,,,,,,,,,,,,,,,,,,,,,
22412,25450,14680,8050,36960,36800,23635,33705,,,,,,,,,,,,,,,,,,,
22416,10550,23700,2250,41850,14750,,,,,,,,,,,,,,,,,,,,,
22417,2320,4848,560,9044,2024,,,,,,,,,,,,,,,,,,,,,
22419,12120,2150,290,80,240,0,2000,0,,,,,,,,,,,,,,,,,,
22428,16350,24950,4250,16750,17500,,,,,,,,,,,,,,,,,,,,,
22434,16700,18500,4150,20300,5000,,,,,,,,,,,,,,,,,,,,,
22435,19750,38800,11550,10650,2810,580,850,740,,,,,,,,,,,,,,,,,,
22438,3940,,,,,,,,,,,,,,,,,,,,,,,,,
22445,16150,21000,5200,,,,,,,,,,,,,,,,,,,,,,,
22451,21650,34610,5500,34660,21975,31050,,,,,,,,,,,,,,,,,,,,
22456,6590,,,,,,,,,,,,,,,,,,,,,,,,,
22483,14550,12800,3220,12735,11540,17180,9020,,,,,,,,,,,,,,,,,,,
22484,2650,,,,,,,,,,,,,,,,,,,,,,,,,
22487,8700,4740,2470,11590,26430,25910,19410,5280,,,,,,,,,,,,,,,,,,
22489,10550,23800,2250,17340,,,,,,,,,,,,,,,,,,,,,,
22547,13990,34900,6240,9190,1870,12830,23400,5140,,,,,,,,,,,,,,,,,,
22556,10000,9150,3250,,,,,,,,,,,,,,,,,,,,,,,
22600,1040,8040,550,5500,3040,4000,5830,1620,,,,,,,,,,,,,,,,,,
22604,16350,24950,4250,16750,17500,,,,,,,,,,,,,,,,,,,,,
22633,18110,17720,5930,21160,26390,35600,16470,,,,,,,,,,,,,,,,,,,
22704,7810,15540,2690,9870,2920,1610,,,,,,,,,,,,,,,,,,,,
22710,31550,30288,8820,22238,26020,24194,23476,1100,,,,,,,,,,,,,,,,,,
22717,5200,6400,1000,,,,,,,,,,,,,,,,,,,,,,,
22743,14310,25870,6340,23350,21882,21710,16742,1380,,,,,,,,,,,,,,,,,,
22782,28170,24780,6770,14760,17150,16850,11258,840,,,,,,,,,,,,,,,,,,
22785,21450,24300,3250,35500,16500,16250,,,,,,,,,,,,,,,,,,,,
22786,8950,9410,2740,15890,9940,15800,7850,1100,,,,,,,,,,,,,,,,,,
22793,3350,23600,3500,7750,9250,17250,,,,,,,,,,,,,,,,,,,,
22795,22420,31480,8090,27536,25070,36284,27590,640,,,,,,,,,,,,,,,,,,
22815,26520,29820,4250,30540,18594,22252,24260,,,,,,,,,,,,,,,,,,,
22823,38890,30912,5868,33610,31034,37896,29870,,,,,,,,,,,,,,,,,,,
22843,,,,,,,,,,,,,,,,,,,,,,,,,,
22882,13030,24570,2380,32070,12820,3740,8995,,,,,,,,,,,,,,,,,,,
22888,12800,11180,3000,11750,4050,4060,950,,,,,,,,,,,,,,,,,,,
22963,21215,,1620,,,,,,,,,,,,,,,,,,,,,,,
22998,13495,14300,3260,19090,23230,31000,7440,,,,,,,,,,,,,,,,,,,
23004,3550,24200,1500,16670,18130,15750,,,,,,,,,,,,,,,,,,,,
23010,36830,32440,9390,29320,18962,23320,14436,,,,,,,,,,,,,,,,,,,
23027,18450,20300,750,11100,,,,,,,,,,,,,,,,,,,,,,
23037,5350,9550,2750,4250,1750,1500,4250,,,,,,,,,,,,,,,,,,,
23042,4150,7650,950,8350,12480,12330,6080,,,,,,,,,,,,,,,,,,,
23052,,,,,,,,,,,,,,,,,,,,,,,,,,
23059,1050,8250,2450,9650,250,2500,2470,,,,,,,,,,,,,,,,,,,
23068,8900,9400,2600,4250,0,200,2000,,,,,,,,,,,,,,,,,,,
23087,8050,17250,2000,13500,18900,22000,,,,,,,,,,,,,,,,,,,,
23136,11250,,,,,,,,,,,,,,,,,,,,,,,,,
23138,11550,24900,2500,13400,22000,21400,,,,,,,,,,,,,,,,,,,,
23171,7720,14786,4344,11948,16170,24650,9470,,,,,,,,,,,,,,,,,,,
23174,0,,1200,,,,,,,,,,,,,,,,,,,,,,,
23175,6650,7900,2700,4850,7750,5290,4540,,,,,,,,,,,,,,,,,,,
23186,12750,18350,750,3050,1000,,,,,,,,,,,,,,,,,,,,,
23194,1000,6850,0,5500,1400,250,1100,,,,,,,,,,,,,,,,,,,
23210,0,4350,600,7000,0,0,2250,,,,,,,,,,,,,,,,,,,
23219,12450,17450,3750,9000,3500,5000,7700,,,,,,,,,,,,,,,,,,,
23258,19560,15300,1500,3190,22480,25470,4890,,,,,,,,,,,,,,,,,,,
23265,11800,25200,2000,21000,15000,16750,,,,,,,,,,,,,,,,,,,,
23277,5200,21550,4350,5750,9850,500,0,,,,,,,,,,,,,,,,,,,
23278,3270,10620,2280,8760,7450,9250,2250,,,,,,,,,,,,,,,,,,,
23297,31710,31406,8986,29796,18170,25416,19142,,,,,,,,,,,,,,,,,,,
23303,1450,10100,1000,10000,6000,4500,850,,,,,,,,,,,,,,,,,,,
23341,20720,14865,4780,16580,19270,29785,10330,,,,,,,,,,,,,,,,,,,
23342,28790,20580,7070,20130,26920,33570,13370,,,,,,,,,,,,,,,,,,,
23347,11265,20480,4110,18430,23360,30945,10540,,,,,,,,,,,,,,,,,,,
23350,31850,35070,9610,35770,44320,60600,18240,,,,,,,,,,,,,,,,,,,
23361,18080,6740,5430,,,,,,,,,,,,,,,,,,,,,,,
23367,25600,26000,8900,28890,30060,18300,5500,,,,,,,,,,,,,,,,,,,
23368,28740,36560,5800,34370,13550,24400,19790,,,,,,,,,,,,,,,,,,,
23371,20600,8210,3390,8300,10990,10210,3620,,,,,,,,,,,,,,,,,,,
23373,35620,29790,10430,29290,30330,28860,12050,,,,,,,,,,,,,,,,,,,
23378,19905,10420,3010,9360,9210,22080,10760,,,,,,,,,,,,,,,,,,,
23413,8510,9960,1160,14220,11950,10720,6400,,,,,,,,,,,,,,,,,,,
23415,3850,19200,2750,7500,16000,,,,,,,,,,,,,,,,,,,,,
23423,14150,18820,5260,16608,22250,21666,9630,,,,,,,,,,,,,,,,,,,
23443,4040,16340,2800,6030,3140,2370,890,,,,,,,,,,,,,,,,,,,
23448,36650,22000,7250,17500,5500,10000,,,,,,,,,,,,,,,,,,,,
23456,38465,32070,12015,34840,44660,52840,16350,,,,,,,,,,,,,,,,,,,
23463,13800,,,,,,,,,,,,,,,,,,,,,,,,,
23464,19170,7100,5890,11090,15230,6640,,,,,,,,,,,,,,,,,,,,
23483,10530,12656,2130,8514,12914,15414,3240,,,,,,,,,,,,,,,,,,,
23488,9780,7880,2100,8330,10410,19490,3670,,,,,,,,,,,,,,,,,,,
23522,10950,15050,2250,15500,5310,7000,,,,,,,,,,,,,,,,,,,,
23524,8600,3620,1200,,,,,,,,,,,,,,,,,,,,,,,
23527,4850,7950,1300,12000,11250,750,0,,,,,,,,,,,,,,,,,,,
23553,31430,19702,4250,12568,,,,,,,,,,,,,,,,,,,,,,
23563,7120,16360,6610,15980,15290,20230,5580,,,,,,,,,,,,,,,,,,,
23574,25630,9860,4390,8102,7770,10432,1864,,,,,,,,,,,,,,,,,,,
23593,42960,37070,10440,41100,63910,62670,21890,,,,,,,,,,,,,,,,,,,
23597,37330,34500,11590,33830,40880,57840,18740,,,,,,,,,,,,,,,,,,,
23598,29770,27760,6638,24822,15742,18636,8180,,,,,,,,,,,,,,,,,,,
23616,24695,15225,4290,16900,22760,30280,8960,,,,,,,,,,,,,,,,,,,
23617,7440,5420,2840,2240,5780,4902,1060,,,,,,,,,,,,,,,,,,,
23618,21710,18570,6330,3040,5760,3270,100,,,,,,,,,,,,,,,,,,,
23633,19420,16440,4130,19090,21370,32060,7910,,,,,,,,,,,,,,,,,,,
23640,300,4350,1250,2080,1560,1020,2360,,,,,,,,,,,,,,,,,,,
23642,,,,,,,,,,,,,,,,,,,,,,,,,,
23651,25150,24450,5000,23900,18200,22950,,,,,,,,,,,,,,,,,,,,
23661,1900,5850,1250,2000,1000,290,2400,,,,,,,,,,,,,,,,,,,
23679,7375,,,,,,,,,,,,,,,,,,,,,,,,,
23680,3250,10130,2230,2690,1250,3870,0,,,,,,,,,,,,,,,,,,,
23683,17550,26800,5000,17350,18160,24415,,,,,,,,,,,,,,,,,,,,
23684,1900,18450,750,13000,14000,,,,,,,,,,,,,,,,,,,,,
23701,13690,19730,5110,15126,,,,,,,,,,,,,,,,,,,,,,
23716,1900,18850,750,13000,19100,,,,,,,,,,,,,,,,,,,,,
23727,15600,11150,1300,1000,,,,,,,,,,,,,,,,,,,,,,
23737,30610,45850,11030,17570,15210,28100,5730,,,,,,,,,,,,,,,,,,,
23743,31010,19600,7890,23420,28030,39560,8070,,,,,,,,,,,,,,,,,,,
23757,11040,,,,,,,,,,,,,,,,,,,,,,,,,
23759,3630,,,,,,,,,,,,,,,,,,,,,,,,,
23764,15650,24040,3250,25780,19560,19390,,,,,,,,,,,,,,,,,,,,
23769,,,,,,,,,,,,,,,,,,,,,,,,,,
23773,4985,6090,2980,6560,10490,15775,2700,,,,,,,,,,,,,,,,,,,
23798,21150,8450,3650,7530,3450,6750,,,,,,,,,,,,,,,,,,,,
23800,26150,17400,4250,6750,6250,14850,,,,,,,,,,,,,,,,,,,,
23808,4925,,,,,,,,,,,,,,,,,,,,,,,,,
23811,12950,23850,3200,20650,24250,16155,2500,,,,,,,,,,,,,,,,,,,
23813,6250,15450,2250,13250,17000,,,,,,,,,,,,,,,,,,,,,
23817,13030,18892,4160,12982,15610,19116,2960,,,,,,,,,,,,,,,,,,,
23842,16750,33950,4250,16750,17500,,,,,,,,,,,,,,,,,,,,,
23870,9805,,,,,,,,,,,,,,,,,,,,,,,,,
23896,28950,26950,3250,14790,18345,8500,,,,,,,,,,,,,,,,,,,,
23905,37410,,3020,,,,,,,,,,,,,,,,,,,,,,,
23914,9850,18700,2500,12300,23120,37320,,,,,,,,,,,,,,,,,,,,
23939,9670,,,,,,,,,,,,,,,,,,,,,,,,,
23955,28750,43390,14488,23262,25836,37750,1480,,,,,,,,,,,,,,,,,,,
23963,14210,1480,3270,17300,20230,17970,,,,,,,,,,,,,,,,,,,,
23993,18610,18400,7550,,,,,,,,,,,,,,,,,,,,,,,
23994,31670,30135,7500,27630,35100,36970,,,,,,,,,,,,,,,,,,,,
23997,23940,28555,8805,34950,27906,29656,,,,,,,,,,,,,,,,,,,,
24006,14270,20032,4730,19730,16030,13240,,,,,,,,,,,,,,,,,,,,
24014,19110,28804,4312,17800,21026,19982,,,,,,,,,,,,,,,,,,,,
24030,6950,16700,3500,11750,14000,16000,,,,,,,,,,,,,,,,,,,,
24043,38940,24926,8288,22930,24262,6908,,,,,,,,,,,,,,,,,,,,
24098,28340,36700,8750,21080,17725,19660,,,,,,,,,,,,,,,,,,,,
24106,20290,16800,5872,11090,14680,16660,,,,,,,,,,,,,,,,,,,,
24120,14850,13350,4000,2500,200,300,,,,,,,,,,,,,,,,,,,,
24123,15060,12000,5020,10590,14710,15250,,,,,,,,,,,,,,,,,,,,
24130,8640,12180,2800,5940,14020,8000,,,,,,,,,,,,,,,,,,,,
24136,10700,11130,4250,9230,8540,5280,,,,,,,,,,,,,,,,,,,,
24141,12130,8550,2980,0,500,0,,,,,,,,,,,,,,,,,,,,
24156,4050,9600,2450,4500,,,,,,,,,,,,,,,,,,,,,,
24176,13000,9590,2670,7820,8070,12940,,,,,,,,,,,,,,,,,,,,
24184,600,,2750,,,,,,,,,,,,,,,,,,,,,,,
24186,28630,27754,7828,14030,16030,13838,,,,,,,,,,,,,,,,,,,,
24187,13950,12150,3500,5250,10750,12000,,,,,,,,,,,,,,,,,,,,
24193,5850,8600,3900,13800,4300,,,,,,,,,,,,,,,,,,,,,
24198,3370,5660,2200,5820,6590,8000,,,,,,,,,,,,,,,,,,,,
24215,4470,,,,,,,,,,,,,,,,,,,,,,,,,
24219,24050,28450,3250,23250,20250,18000,,,,,,,,,,,,,,,,,,,,
24222,41255,5940,11250,,,,,,,,,,,,,,,,,,,,,,,
24240,32995,27095,8670,27890,33560,25380,,,,,,,,,,,,,,,,,,,,
24253,19440,30620,11530,39110,16620,3780,,,,,,,,,,,,,,,,,,,,
24256,19840,24920,7330,5080,,,,,,,,,,,,,,,,,,,,,,
24279,25860,16040,5820,17520,21070,21680,,,,,,,,,,,,,,,,,,,,
24300,15550,39850,10600,33310,43280,11800,,,,,,,,,,,,,,,,,,,,
24301,36550,35000,8250,34080,31735,16250,,,,,,,,,,,,,,,,,,,,
24312,7435,,,,,,,,,,,,,,,,,,,,,,,,,
24337,41070,39054,13666,20760,28705,23260,,,,,,,,,,,,,,,,,,,,
24348,29700,18070,7400,9210,11410,16320,,,,,,,,,,,,,,,,,,,,
24355,9300,1350,2200,,,,,,,,,,,,,,,,,,,,,,,
24364,23370,21860,7430,11862,18236,17362,,,,,,,,,,,,,,,,,,,,
24394,27580,30270,6890,27062,22126,,,,,,,,,,,,,,,,,,,,,
24399,,,,,,,,,,,,,,,,,,,,,,,,,,
24416,15350,18600,3200,23200,23715,20370,,,,,,,,,,,,,,,,,,,,
24442,7050,14900,5250,8950,5000,250,,,,,,,,,,,,,,,,,,,,
24448,16950,12120,2880,17994,20140,11550,,,,,,,,,,,,,,,,,,,,
24458,30110,36140,6962,24604,20272,16704,,,,,,,,,,,,,,,,,,,,
24461,47010,35632,9230,24256,32130,15670,,,,,,,,,,,,,,,,,,,,
24472,20250,26450,6250,21750,18000,6050,,,,,,,,,,,,,,,,,,,,
24474,8190,14904,2746,8612,6770,5200,,,,,,,,,,,,,,,,,,,,
24476,11110,9862,8040,11284,13378,2976,,,,,,,,,,,,,,,,,,,,
24508,3500,13200,1000,14000,11000,,,,,,,,,,,,,,,,,,,,,
24561,7280,24796,7950,14542,14230,8530,,,,,,,,,,,,,,,,,,,,
24562,5270,17690,4880,11692,11340,8020,,,,,,,,,,,,,,,,,,,,
24570,17540,18470,4130,,,,,,,,,,,,,,,,,,,,,,,
24571,26250,28450,7250,30470,38640,31810,,,,,,,,,,,,,,,,,,,,
24585,12630,7300,1500,,,,,,,,,,,,,,,,,,,,,,,
24596,17600,26500,6250,4400,5590,890,,,,,,,,,,,,,,,,,,,,
24617,2350,15150,2250,2500,6150,1250,,,,,,,,,,,,,,,,,,,,
24622,10940,10370,1580,4740,,,,,,,,,,,,,,,,,,,,,,
24629,8920,14240,2780,11450,7380,4040,,,,,,,,,,,,,,,,,,,,
24649,8650,11500,3250,13550,7250,3300,,,,,,,,,,,,,,,,,,,,
24673,35050,17300,8250,17800,14400,4250,,,,,,,,,,,,,,,,,,,,
24675,1900,16750,750,13000,14000,,,,,,,,,,,,,,,,,,,,,
24681,12930,,,,,,,,,,,,,,,,,,,,,,,,,
24682,18450,6250,5300,,,,,,,,,,,,,,,,,,,,,,,
24684,31290,20220,6990,2580,8818,6940,,,,,,,,,,,,,,,,,,,,
24687,13250,17000,1500,16000,12750,9750,,,,,,,,,,,,,,,,,,,,
24713,30150,25200,7250,10800,8070,9250,,,,,,,,,,,,,,,,,,,,
24722,3050,,,,,,,,,,,,,,,,,,,,,,,,,
24723,26130,29790,7420,19270,18388,7750,,,,,,,,,,,,,,,,,,,,
24769,14090,,,,,,,,,,,,,,,,,,,,,,,,,
24775,15190,35150,7390,10090,2660,40,,,,,,,,,,,,,,,,,,,,
24782,11610,27120,7190,10010,12260,3120,,,,,,,,,,,,,,,,,,,,
24787,17500,11150,2900,7000,1000,250,,,,,,,,,,,,,,,,,,,,
24804,26050,27500,9250,17050,16078,4670,0,660,3800,8165,12945,9630,5900,6190,900,,,,,,,,,,,
24809,1110,,80,,,,,,,,,,,,,,,,,,,,,,,
24817,26850,22200,4250,19600,8500,,,,,,,,,,,,,,,,,,,,,
24819,3850,,3000,,,,,,,,,,,,,,,,,,,,,,,
24822,18200,,,,,,,,,,,,,,,,,,,,,,,,,
24825,32790,31860,7210,21518,20802,4770,,,,,,,,,,,,,,,,,,,,
24830,4500,,,,,,,,,,,,,,,,,,,,,,,,,
24832,11100,,300,,,,,,,,,,,,,,,,,,,,,,,
24839,11200,20430,2890,8680,15540,,,,,,,,,,,,,,,,,,,,,
24844,36490,36895,8370,45490,39290,19880,,,,,,,,,,,,,,,,,,,,
24847,7740,12940,3350,,,,,,,,,,,,,,,,,,,,,,,
24856,17170,21280,5140,24800,39470,32530,,,,,,,,,,,,,,,,,,,,
24860,25120,26520,6490,13590,9620,6340,,,,,,,,,,,,,,,,,,,,
24891,400,,1000,,,,,,,,,,,,,,,,,,,,,,,
24904,5500,4300,450,750,1000,2350,,,,,,,,,,,,,,,,,,,,
24918,25410,25380,10870,17212,16124,4200,,,,,,,,,,,,,,,,,,,,
24929,9250,6420,2460,12200,11170,3570,,,,,,,,,,,,,,,,,,,,
24938,2400,6500,500,4750,2000,0,,,,,,,,,,,,,,,,,,,,
24949,8100,9550,4130,6790,8372,6350,,,,,,,,,,,,,,,,,,,,
24953,0,,,,,,,,,,,,,,,,,,,,,,,,,
24957,2650,10500,1000,,,,,,,,,,,,,,,,,,,,,,,
24981,28890,25440,6150,24862,31050,6050,23558,21044,17693,,,,,,,,,,,,,,,,,
25015,8985,,,,,,,,,,,,,,,,,,,,,,,,,
25058,11880,7360,2170,5995,6350,10670,,,,,,,,,,,,,,,,,,,,
25146,14250,26550,5750,3980,16780,1840,,,,,,,,,,,,,,,,,,,,
25151,11640,8290,3900,6970,1430,1000,,,,,,,,,,,,,,,,,,,,
25167,6175,,,,,,,,,,,,,,,,,,,,,,,,,
25170,7620,,,,,,,,,,,,,,,,,,,,,,,,,
25182,4350,4450,2150,,,,,,,,,,,,,,,,,,,,,,,
25192,5530,,,,,,,,,,,,,,,,,,,,,,,,,
25195,4850,15150,1250,16300,,,,,,,,,,,,,,,,,,,,,,
25208,6450,,,,,,,,,,,,,,,,,,,,,,,,,
25233,6450,,,,,,,,,,,,,,,,,,,,,,,,,
25240,12700,5460,1750,,,,,,,,,,,,,,,,,,,,,,,
25241,4875,,,,,,,,,,,,,,,,,,,,,,,,,
25245,8510,,,,,,,,,,,,,,,,,,,,,,,,,
25246,10200,9110,3680,3490,1990,700,,,,,,,,,,,,,,,,,,,,
25250,29030,27612,5780,19570,25268,4250,,,,,,,,,,,,,,,,,,,,
25259,3450,,,,,,,,,,,,,,,,,,,,,,,,,
25267,7450,9500,1650,5500,7500,750,,,,,,,,,,,,,,,,,,,,
25270,7265,,,,,,,,,,,,,,,,,,,,,,,,,
25272,3820,3240,1120,7310,4560,2550,,,,,,,,,,,,,,,,,,,,
25290,6800,,,,,,,,,,,,,,,,,,,,,,,,,
25294,4950,,,,,,,,,,,,,,,,,,,,,,,,,
25297,610,14080,1570,13450,10635,330,,,,,,,,,,,,,,,,,,,,
25316,4890,,,,,,,,,,,,,,,,,,,,,,,,,
25318,6850,,,,,,,,,,,,,,,,,,,,,,,,,
25323,11750,,,,,,,,,,,,,,,,,,,,,,,,,
25387,,,,,,,,,,,,,,,,,,,,,,,,,,
25388,5990,,,,,,,,,,,,,,,,,,,,,,,,,
25406,10550,,,,,,,,,,,,,,,,,,,,,,,,,
25417,7135,,,,,,,,,,,,,,,,,,,,,,,,,
25447,0,2650,200,500,40,40,,,,,,,,,,,,,,,,,,,,
25451,9010,,,,,,,,,,,,,,,,,,,,,,,,,
25495,5600,,,,,,,,,,,,,,,,,,,,,,,,,
25523,23050,28150,8250,23680,27160,750,,,,,,,,,,,,,,,,,,,,
25552,4525,,,,,,,,,,,,,,,,,,,,,,,,,
25555,23280,,740,,,,,,,,,,,,,,,,,,,,,,,
25569,22020,20230,5190,17640,20610,,,,,,,,,,,,,,,,,,,,,
25570,12070,8960,2200,,,,,,,,,,,,,,,,,,,,,,,
25572,10250,12110,6400,12150,27170,,,,,,,,,,,,,,,,,,,,,
25584,45290,46780,14710,33068,32154,,,,,,,,,,,,,,,,,,,,,
25586,22110,22588,5914,27846,17080,,,,,,,,,,,,,,,,,,,,,
25594,7890,,,,,,,,,,,,,,,,,,,,,,,,,
25616,6560,,,,,,,,,,,,,,,,,,,,,,,,,
25623,47440,47470,10690,14830,19540,,,,,,,,,,,,,,,,,,,,,
25635,19780,18460,4650,5810,21780,,,,,,,,,,,,,,,,,,,,,
25697,25910,25774,6830,22442,13510,,,,,,,,,,,,,,,,,,,,,
25738,2600,,,,,,,,,,,,,,,,,,,,,,,,,
25888,20760,21700,7320,19160,14890,,,,,,,,,,,,,,,,,,,,,
25899,20770,24380,8636,13550,15910,,,,,,,,,,,,,,,,,,,,,
25916,1930,10500,1600,18874,12470,,,,,,,,,,,,,,,,,,,,,
25927,9290,16790,4660,17450,11310,,,,,,,,,,,,,,,,,,,,,
25932,22150,24928,9230,33900,18990,,,,,,,,,,,,,,,,,,,,,
25966,22550,25510,5570,25590,20700,,,,,,,,,,,,,,,,,,,,,
25968,,,,,,,,,,,,,,,,,,,,,,,,,,
25976,1400,1250,850,,,,,,,,,,,,,,,,,,,,,,,
25977,21240,25400,7640,22888,18820,,,,,,,,,,,,,,,,,,,,,
26001,5300,,6500,,,,,,,,,,,,,,,,,,,,,,,
26022,7850,5160,1990,8440,8490,,,,,,,,,,,,,,,,,,,,,
26031,15310,15370,3002,9370,11950,,,,,,,,,,,,,,,,,,,,,
26050,14370,15450,4250,8210,6040,,,,,,,,,,,,,,,,,,,,,
26051,28690,23112,8522,14538,17912,,,,,,,,,,,,,,,,,,,,,
26056,9840,12140,1836,10050,3890,,,,,,,,,,,,,,,,,,,,,
26057,11940,6900,3540,8750,4500,,,,,,,,,,,,,,,,,,,,,
26062,34975,28285,9925,27540,18170,,,,,,,,,,,,,,,,,,,,,
26073,36830,35910,11710,27724,20952,,,,,,,,,,,,,,,,,,,,,
26095,18210,18155,4250,22310,20120,,,,,,,,,,,,,,,,,,,,,
26097,5200,,,,,,,,,,,,,,,,,,,,,,,,,
26106,12720,11870,6080,9110,3020,,,,,,,,,,,,,,,,,,,,,
26130,7330,9680,3720,9000,8830,,,,,,,,,,,,,,,,,,,,,
26150,14390,15640,3030,,,,,,,,,,,,,,,,,,,,,,,
26152,,,,,,,,,,,,,,,,,,,,,,,,,,
26153,32915,28370,9220,25285,27170,,,,,,,,,,,,,,,,,,,,,
26161,31130,26695,7950,29320,17330,,,,,,,,,,,,,,,,,,,,,
26166,17090,10110,3750,4320,8700,,,,,,,,,,,,,,,,,,,,,
26172,37110,26224,8570,15782,9674,,,,,,,,,,,,,,,,,,,,,
26185,10990,13510,5150,14100,3800,,,,,,,,,,,,,,,,,,,,,
26190,7860,10320,2260,3400,6570,,,,,,,,,,,,,,,,,,,,,
26202,8280,,1080,,,,,,,,,,,,,,,,,,,,,,,
26206,18490,25292,3020,11792,5780,,,,,,,,,,,,,,,,,,,,,
26238,13630,8420,1860,10080,11390,,,,,,,,,,,,,,,,,,,,,
26270,2300,,,,,,,,,,,,,,,,,,,,,,,,,
26306,10570,17252,1730,12624,9210,,,,,,,,,,,,,,,,,,,,,
26310,44575,20040,13125,,,,,,,,,,,,,,,,,,,,,,,
26328,13900,4490,3550,3970,5520,,,,,,,,,,,,,,,,,,,,,
26333,15400,12450,4000,9250,2000,,,,,,,,,,,,,,,,,,,,,
26334,15400,12450,4250,9250,2000,,,,,,,,,,,,,,,,,,,,,
26342,22170,12070,4130,9210,5610,,,,,,,,,,,,,,,,,,,,,
26343,20790,,,,,,,,,,,,,,,,,,,,,,,,,
26363,20950,,,,,,,,,,,,,,,,,,,,,,,,,
26373,22310,16600,650,28750,15970,,,,,,,,,,,,,,,,,,,,,
26380,5750,39600,4250,15000,,,,,,,,,,,,,,,,,,,,,,
26396,16250,3150,2000,2750,2000,,,,,,,,,,,,,,,,,,,,,
26419,6290,10310,3300,13600,8110,,,,,,,,,,,,,,,,,,,,,
26445,31820,31420,1950,9320,7750,,,,,,,,,,,,,,,,,,,,,
26446,72410,,12270,,,,,,,,,,,,,,,,,,,,,,,
26449,11800,,,,,,,,,,,,,,,,,,,,,,,,,
26460,6525,,,,,,,,,,,,,,,,,,,,,,,,,
26472,11600,24230,3240,12930,1900,,,,,,,,,,,,,,,,,,,,,
26481,42890,32030,10570,8990,13742,,,,,,,,,,,,,,,,,,,,,
26492,7050,26550,3750,19250,21950,,,,,,,,,,,,,,,,,,,,,
26507,7020,7756,2468,4500,2380,,,,,,,,,,,,,,,,,,,,,
26543,23040,31840,5250,45460,18170,,,,,,,,,,,,,,,,,,,,,
26544,8300,19200,4000,16500,24500,,,,,,,,,,,,,,,,,,,,,
26582,23900,21000,4750,5540,2350,,,,,,,,,,,,,,,,,,,,,
26614,21630,19956,2828,16410,7580,,,,,,,,,,,,,,,,,,,,,
26672,33210,29466,8472,31086,14340,,,,,,,,,,,,,,,,,,,,,
26677,30480,32560,5150,31510,17730,,,,,,,,,,,,,,,,,,,,,
26686,14260,17710,2650,16100,3450,,,,,,,,,,,,,,,,,,,,,
26704,,,,,,,,,,,,,,,,,,,,,,,,,,
26713,5500,,,,,,,,,,,,,,,,,,,,,,,,,
26720,13470,24032,6898,9062,3670,,,,,,,,,,,,,,,,,,,,,
26730,5850,35950,2750,15050,17750,,,,,,,,,,,,,,,,,,,,,
26735,16430,,,,,,,,,,,,,,,,,,,,,,,,,
26748,13400,5420,750,22070,,,,,,,,,,,,,,,,,,,,,,
26753,11770,13690,2080,9414,5940,,,,,,,,,,,,,,,,,,,,,
26754,16230,22750,4370,15840,3760,,,,,,,,,,,,,,,,,,,,,
26757,27250,9700,2000,6750,1500,,,,,,,,,,,,,,,,,,,,,
26765,0,,,,,,,,,,,,,,,,,,,,,,,,,
26776,3890,,,,,,,,,,,,,,,,,,,,,,,,,
26840,4100,8050,1700,1500,0,,,,,,,,,,,,,,,,,,,,,
26854,2100,15650,3650,6750,750,,,,,,,,,,,,,,,,,,,,,
26872,250,,500,,,,,,,,,,,,,,,,,,,,,,,
26874,,,,,,,,,,,,,,,,,,,,,,,,,,
26876,19330,35130,5302,24400,,,,,,,,,,,,,,,,,,,,,,
26884,13750,21170,6290,17070,3370,,,,,,,,,,,,,,,,,,,,,
26900,18750,15450,4250,,,,,,,,,,,,,,,,,,,,,,,
26925,59850,41446,16038,26710,,,,,,,,,,,,,,,,,,,,,,
26926,17850,,,,,,,,,,,,,,,,,,,,,,,,,
26930,10040,8250,2700,2500,500,,,,,,,,,,,,,,,,,,,,,
26957,8885,,,,,,,,,,,,,,,,,,,,,,,,,
26979,2650,16600,1550,14900,,,,,,,,,,,,,,,,,,,,,,
26996,12090,1910,80,5730,,,,,,,,,,,,,,,,,,,,,,
26997,8570,,,,,,,,,,,,,,,,,,,,,,,,,
27000,,,,,,,,,,,,,,,,,,,,,,,,,,
27010,2800,,,,,,,,,,,,,,,,,,,,,,,,,
27026,30090,26220,8070,26134,2340,,,,,,,,,,,,,,,,,,,,,
27035,4600,,600,,,,,,,,,,,,,,,,,,,,,,,
27042,15000,17700,3750,2540,0,,,,,,,,,,,,,,,,,,,,,
27055,,,,,,,,,,,,,,,,,,,,,,,,,,
27107,30750,16700,3550,14250,1000,,,,,,,,,,,,,,,,,,,,,
27214,24660,19075,3445,20800,3150,,,,,,,,,,,,,,,,,,,,,
27216,26190,36268,11474,26730,1560,,,,,,,,,,,,,,,,,,,,,
27218,17700,16800,5750,12500,1000,,,,,,,,,,,,,,,,,,,,,
27223,33720,33230,5590,19650,400,,,,,,,,,,,,,,,,,,,,,
27238,6390,28730,7370,11280,80,,,,,,,,,,,,,,,,,,,,,
27245,7550,21050,4250,16150,1000,,,,,,,,,,,,,,,,,,,,,
27252,21660,21392,4280,22710,,,,,,,,,,,,,,,,,,,,,,
27263,6600,17350,2550,7500,,,,,,,,,,,,,,,,,,,,,,
27290,22140,28225,8820,26655,,,,,,,,,,,,,,,,,,,,,,
27291,14645,18410,2140,18764,,,,,,,,,,,,,,,,,,,,,,
27294,22850,16700,8250,12500,,,,,,,,,,,,,,,,,,,,,,
27306,,,,,,,,,,,,,,,,,,,,,,,,,,
27310,10880,22518,5654,17556,,,,,,,,,,,,,,,,,,,,,,
27311,8180,18526,1910,17342,,,,,,,,,,,,,,,,,,,,,,
27314,18150,26800,5750,18750,,,,,,,,,,,,,,,,,,,,,,
27320,37300,28910,9530,22440,,,,,,,,,,,,,,,,,,,,,,
27332,15650,34210,6800,59540,,,,,,,,,,,,,,,,,,,,,,
27337,40,6650,1900,4330,,,,,,,,,,,,,,,,,,,,,,
27338,21860,22380,4000,16470,,,,,,,,,,,,,,,,,,,,,,
27348,7755,,,,,,,,,,,,,,,,,,,,,,,,,
27352,10050,,,,,,,,,,,,,,,,,,,,,,,,,
27355,6100,19700,1500,10750,,,,,,,,,,,,,,,,,,,,,,
27383,12850,24050,2500,6850,,,,,,,,,,,,,,,,,,,,,,
27387,9400,20500,3000,16250,,,,,,,,,,,,,,,,,,,,,,
27388,35250,12640,9870,13600,,,,,,,,,,,,,,,,,,,,,,
27411,25530,12655,6050,6110,,,,,,,,,,,,,,,,,,,,,,
27413,6540,,,,,,,,,,,,,,,,,,,,,,,,,
27420,5650,17500,2750,12750,,,,,,,,,,,,,,,,,,,,,,
27422,11670,14530,2330,1600,,,,,,,,,,,,,,,,,,,,,,
27433,8500,6350,1700,8500,,,,,,,,,,,,,,,,,,,,,,
27448,5550,19300,250,11470,,,,,,,,,,,,,,,,,,,,,,
27461,15550,18408,3002,13130,,,,,,,,,,,,,,,,,,,,,,
27463,48950,,,,,,,,,,,,,,,,,,,,,,,,,
27487,40350,27200,1250,13800,,,,,,,,,,,,,,,,,,,,,,
27489,2550,18450,0,12500,,,,,,,,,,,,,,,,,,,,,,
27504,7930,5740,2200,5810,,,,,,,,,,,,,,,,,,,,,,
27511,16630,16310,3200,15630,,,,,,,,,,,,,,,,,,,,,,
27521,9490,3550,1250,,,,,,,,,,,,,,,,,,,,,,,
27530,9410,11140,2440,9170,,,,,,,,,,,,,,,,,,,,,,
27535,47135,32905,12550,24500,,,,,,,,,,,,,,,,,,,,,,
27536,7320,8150,2880,4016,,,,,,,,,,,,,,,,,,,,,,
27540,12550,5500,2000,6450,,,,,,,,,,,,,,,,,,,,,,
27542,900,10150,1750,2450,,,,,,,,,,,,,,,,,,,,,,
27544,12560,10920,3750,10880,,,,,,,,,,,,,,,,,,,,,,
27547,14850,32800,3250,22350,,,,,,,,,,,,,,,,,,,,,,
27557,4960,9010,5220,3200,,,,,,,,,,,,,,,,,,,,,,
27568,27710,28104,5120,18720,,,,,,,,,,,,,,,,,,,,,,
27576,21210,22020,4600,9680,,,,,,,,,,,,,,,,,,,,,,
27585,9150,13928,3550,7526,,,,,,,,,,,,,,,,,,,,,,
27594,22250,17406,8820,12902,,,,,,,,,,,,,,,,,,,,,,
27608,19910,2880,4750,,,,,,,,,,,,,,,,,,,,,,,
27619,17770,18922,3688,13510,,,,,,,,,,,,,,,,,,,,,,
27622,14710,30096,3298,15090,,,,,,,,,,,,,,,,,,,,,,
27625,4700,,,,,,,,,,,,,,,,,,,,,,,,,
27628,31130,26570,24380,22170,,,,,,,,,,,,,,,,,,,,,,
27639,17150,14668,3024,10950,,,,,,,,,,,,,,,,,,,,,,
27647,21070,14140,2008,12480,,,,,,,,,,,,,,,,,,,,,,
27655,,,,,,,,,,,,,,,,,,,,,,,,,,
27665,38350,19690,6595,10700,,,,,,,,,,,,,,,,,,,,,,
27672,5600,9630,1100,3750,,,,,,,,,,,,,,,,,,,,,,
27682,,,,,,,,,,,,,,,,,,,,,,,,,,
27686,24180,9950,1450,13450,,,,,,,,,,,,,,,,,,,,,,
27692,6990,5250,2320,15420,,,,,,,,,,,,,,,,,,,,,,
27708,4220,7530,1540,6020,,,,,,,,,,,,,,,,,,,,,,
27712,1840,,,,,,,,,,,,,,,,,,,,,,,,,
27713,22410,23944,4190,15322,,,,,,,,,,,,,,,,,,,,,,
27717,18500,23670,4920,19680,,,,,,,,,,,,,,,,,,,,,,
27743,7900,4560,1200,3930,,,,,,,,,,,,,,,,,,,,,,
27746,2050,2500,950,1000,,,,,,,,,,,,,,,,,,,,,,
27770,6150,14050,3850,8000,,,,,,,,,,,,,,,,,,,,,,
27781,4700,6000,0,2750,,,,,,,,,,,,,,,,,,,,,,
27788,11630,9732,3610,4320,,,,,,,,,,,,,,,,,,,,,,
27803,,,,,,,,,,,,,,,,,,,,,,,,,,
27811,25870,37812,6930,21090,,,,,,,,,,,,,,,,,,,,,,
27815,11600,15450,1250,1500,,,,,,,,,,,,,,,,,,,,,,
27825,10010,12490,2440,6440,,,,,,,,,,,,,,,,,,,,,,
27842,17050,6400,2500,,,,,,,,,,,,,,,,,,,,,,,
27852,18260,13580,5070,12400,,,,,,,,,,,,,,,,,,,,,,
27860,21550,,2000,,,,,,,,,,,,,,,,,,,,,,,
27863,9650,,,,,,,,,,,,,,,,,,,,,,,,,
27866,18310,16760,5390,8660,,,,,,,,,,,,,,,,,,,,,,
27879,,,,,,,,,,,,,,,,,,,,,,,,,,
27891,3700,,,,,,,,,,,,,,,,,,,,,,,,,
27892,19050,14240,6220,9800,,,,,,,,,,,,,,,,,,,,,,
27899,3550,,,,,,,,,,,,,,,,,,,,,,,,,
27912,24220,35670,10220,20990,,,,,,,,,,,,,,,,,,,,,,
27913,250,,,,,,,,,,,,,,,,,,,,,,,,,
27914,34010,36480,7470,13814,,,,,,,,,,,,,,,,,,,,,,
27969,6170,14540,780,4570,,,,,,,,,,,,,,,,,,,,,,
27979,5600,9350,850,750,,,,,,,,,,,,,,,,,,,,,,
28007,,,,,,,,,,,,,,,,,,,,,,,,,,
28017,6600,11700,1500,2600,,,,,,,,,,,,,,,,,,,,,,
28022,17050,18400,6500,8000,,,,,,,,,,,,,,,,,,,,,,
28031,15510,14420,7960,2280,,,,,,,,,,,,,,,,,,,,,,
28046,6950,,,,,,,,,,,,,,,,,,,,,,,,,
28057,2630,,,,,,,,,,,,,,,,,,,,,,,,,
28059,,,,,,,,,,,,,,,,,,,,,,,,,,
28072,3700,7300,2400,,,,,,,,,,,,,,,,,,,,,,,
28105,15150,16550,3700,1250,,,,,,,,,,,,,,,,,,,,,,
28113,15150,,4750,,,,,,,,,,,,,,,,,,,,,,,
28131,44850,34342,11110,6090,,,,,,,,,,,,,,,,,,,,,,
28137,15470,,4210,,,,,,,,,,,,,,,,,,,,,,,
28144,13480,15780,1250,6180,5250,14000,7750,2120,11418,12250,15013,8790,,,,,,,,,,,,,,
28150,29750,24040,3222,4810,,,,,,,,,,,,,,,,,,,,,,
28153,23790,20320,4330,5720,,,,,,,,,,,,,,,,,,,,,,
28154,18010,16280,6510,7960,,,,,,,,,,,,,,,,,,,,,,
28155,9210,,,,,,,,,,,,,,,,,,,,,,,,,
28163,3790,,,,,,,,,,,,,,,,,,,,,,,,,
28164,11600,13750,3250,7850,,,,,,,,,,,,,,,,,,,,,,
28173,0,,,,,,,,,,,,,,,,,,,,,,,,,
28180,36150,15260,9210,5890,,,,,,,,,,,,,,,,,,,,,,
28189,18750,,250,,,,,,,,,,,,,,,,,,,,,,,
28192,25060,19070,7870,5050,,,,,,,,,,,,,,,,,,,,,,
28194,10455,620,280,580,,,,,,,,,,,,,,,,,,,,,,
28197,18020,10130,3000,3740,,,,,,,,,,,,,,,,,,,,,,
28198,2125,1750,1010,1330,,,,,,,,,,,,,,,,,,,,,,
28204,7480,7890,2660,4060,,,,,,,,,,,,,,,,,,,,,,
28214,5620,3075,2335,1700,,,,,,,,,,,,,,,,,,,,,,
28216,7070,10210,2680,,,,,,,,,,,,,,,,,,,,,,,
28219,18665,14545,5130,5920,,,,,,,,,,,,,,,,,,,,,,
28229,12235,,,,,,,,,,,,,,,,,,,,,,,,,
28243,13910,9150,2960,5760,,,,,,,,,,,,,,,,,,,,,,
28244,9080,10530,2200,5180,,,,,,,,,,,,,,,,,,,,,,
28250,17550,16100,4350,9650,,,,,,,,,,,,,,,,,,,,,,
28259,11250,7920,1900,3620,,,,,,,,,,,,,,,,,,,,,,
28267,17750,13800,5870,7770,,,,,,,,,,,,,,,,,,,,,,
28271,11200,,,,,,,,,,,,,,,,,,,,,,,,,
28275,16790,12730,3080,5250,,,,,,,,,,,,,,,,,,,,,,
28277,3250,4000,2000,1250,,,,,,,,,,,,,,,,,,,,,,
28280,31110,25280,8080,7350,,,,,,,,,,,,,,,,,,,,,,
28288,600,5000,0,,,,,,,,,,,,,,,,,,,,,,,
28294,1100,5000,1650,4250,,,,,,,,,,,,,,,,,,,,,,
28297,7900,,,,,,,,,,,,,,,,,,,,,,,,,
28310,24380,23890,6510,13550,,,,,,,,,,,,,,,,,,,,,,
28311,11270,,,,,,,,,,,,,,,,,,,,,,,,,
28314,14960,10400,2050,5300,,,,,,,,,,,,,,,,,,,,,,
28316,8350,9050,3500,1550,,,,,,,,,,,,,,,,,,,,,,
28321,6990,4030,1160,3150,,,,,,,,,,,,,,,,,,,,,,
28323,20780,16110,4550,5570,,,,,,,,,,,,,,,,,,,,,,
28328,5985,,,,,,,,,,,,,,,,,,,,,,,,,
28330,28390,21430,7770,5620,,,,,,,,,,,,,,,,,,,,,,
28333,14180,3510,3365,1740,,,,,,,,,,,,,,,,,,,,,,
28343,21705,23145,8300,9480,,,,,,,,,,,,,,,,,,,,,,
28381,7700,7650,3000,250,,,,,,,,,,,,,,,,,,,,,,
28390,8000,9250,2000,4500,,,,,,,,,,,,,,,,,,,,,,
28391,17150,22630,4820,11330,,,,,,,,,,,,,,,,,,,,,,
28393,11430,7950,3590,0,,,,,,,,,,,,,,,,,,,,,,
28397,11925,5855,2150,3120,,,,,,,,,,,,,,,,,,,,,,
28399,6760,,,,,,,,,,,,,,,,,,,,,,,,,
28400,,,,,,,,,,,,,,,,,,,,,,,,,,
28410,7315,,,,,,,,,,,,,,,,,,,,,,,,,
28419,9650,,,,,,,,,,,,,,,,,,,,,,,,,
28424,,,,,,,,,,,,,,,,,,,,,,,,,,
28427,13490,13360,3600,4360,,,,,,,,,,,,,,,,,,,,,,
28443,43050,39278,12430,6990,,,,,,,,,,,,,,,,,,,,,,
28459,1800,6350,1500,3200,,,,,,,,,,,,,,,,,,,,,,
28460,24800,6250,3000,5000,,,,,,,,,,,,,,,,,,,,,,
28466,,,,,,,,,,,,,,,,,,,,,,,,,,
28470,17550,12550,3000,1000,,,,,,,,,,,,,,,,,,,,,,
28552,23250,30000,8250,7000,,,,,,,,,,,,,,,,,,,,,,
28563,24170,27712,5320,11432,,,,,,,,,,,,,,,,,,,,,,
28564,19470,22828,4770,6870,,,,,,,,,,,,,,,,,,,,,,
28567,3090,6055,2100,2830,,,,,,,,,,,,,,,,,,,,,,
28570,9170,1420,3580,,,,,,,,,,,,,,,,,,,,,,,
28579,24390,540,8350,4410,,,,,,,,,,,,,,,,,,,,,,
28582,44890,36150,12802,10330,,,,,,,,,,,,,,,,,,,,,,
28587,19220,18620,5870,7620,,,,,,,,,,,,,,,,,,,,,,
28599,15470,12050,4920,7150,,,,,,,,,,,,,,,,,,,,,,
28609,10340,13340,4350,3840,,,,,,,,,,,,,,,,,,,,,,
28616,7850,5750,1950,4000,,,,,,,,,,,,,,,,,,,,,,
28634,29110,27780,5118,2740,,,,,,,,,,,,,,,,,,,,,,
28654,29490,37640,9590,10710,,,,,,,,,,,,,,,,,,,,,,
28660,20550,19500,4000,7000,,,,,,,,,,,,,,,,,,,,,,
28662,20550,19000,4000,7000,,,,,,,,,,,,,,,,,,,,,,
28663,20550,19000,4000,7000,,,,,,,,,,,,,,,,,,,,,,
28684,390,10350,1300,290,,,,,,,,,,,,,,,,,,,,,,
28701,13650,13760,4140,3880,,,,,,,,,,,,,,,,,,,,,,
28707,11470,9030,1380,2500,,,,,,,,,,,,,,,,,,,,,,
28730,12350,10850,4650,4000,,,,,,,,,,,,,,,,,,,,,,
28766,12500,,,,,,,,,,,,,,,,,,,,,,,,,
28772,5250,7400,800,2150,,,,,,,,,,,,,,,,,,,,,,
28780,3115,9510,1150,2250,,,,,,,,,,,,,,,,,,,,,,
28782,1460,19272,3600,6540,,,,,,,,,,,,,,,,,,,,,,
28792,33150,28700,4500,2250,,,,,,,,,,,,,,,,,,,,,,
28809,1730,,,,,,,,,,,,,,,,,,,,,,,,,
28830,10210,,,,,,,,,,,,,,,,,,,,,,,,,
28839,6440,14080,3180,3750,,,,,,,,,,,,,,,,,,,,,,
28844,9730,15740,4510,2790,,,,,,,,,,,,,,,,,,,,,,
28846,9410,2445,1290,120,,,,,,,,,,,,,,,,,,,,,,
28848,40,0,0,250,,,,,,,,,,,,,,,,,,,,,,
28849,17155,10100,3625,1450,,,,,,,,,,,,,,,,,,,,,,
28855,7440,16680,3430,5000,,,,,,,,,,,,,,,,,,,,,,
28859,4450,12650,1700,6300,,,,,,,,,,,,,,,,,,,,,,
28861,6310,7330,2240,900,,,,,,,,,,,,,,,,,,,,,,
28902,5250,3910,1050,,,,,,,,,,,,,,,,,,,,,,,
28903,8170,6410,1610,1580,,,,,,,,,,,,,,,,,,,,,,
28909,11970,24028,4100,640,,,,,,,,,,,,,,,,,,,,,,
28926,8210,6390,1370,1500,,,,,,,,,,,,,,,,,,,,,,
28929,13400,8850,2500,1350,,,,,,,,,,,,,,,,,,,,,,
28933,23850,21600,3800,4500,,,,,,,,,,,,,,,,,,,,,,
28937,4730,2250,870,,,,,,,,,,,,,,,,,,,,,,,
28942,28570,18600,8440,1520,,,,,,,,,,,,,,,,,,,,,,
28944,18575,9475,3180,1500,,,,,,,,,,,,,,,,,,,,,,
28947,1150,3850,2200,1250,,,,,,,,,,,,,,,,,,,,,,
28963,24150,26500,8250,1500,,,,,,,,,,,,,,,,,,,,,,
28975,8150,5070,3000,1040,,,,,,,,,,,,,,,,,,,,,,
28979,12250,23600,5250,2250,,,,,,,,,,,,,,,,,,,,,,
28982,950,,,,,,,,,,,,,,,,,,,,,,,,,
28984,50270,,6090,,,,,,,,,,,,,,,,,,,,,,,
28987,2500,12950,1350,1600,,,,,,,,,,,,,,,,,,,,,,
29006,15950,12450,2500,500,,,,,,,,,,,,,,,,,,,,,,
29007,10280,14840,1700,1000,,,,,,,,,,,,,,,,,,,,,,
29012,6400,7300,1200,2250,,,,,,,,,,,,,,,,,,,,,,
29015,12350,7900,2000,2750,,,,,,,,,,,,,,,,,,,,,,
29024,6500,14600,3200,0,,,,,,,,,,,,,,,,,,,,,,
29027,36990,32216,7460,6290,,,,,,,,,,,,,,,,,,,,,,
29035,2150,4730,730,2040,,,,,,,,,,,,,,,,,,,,,,
29037,1050,5530,730,1540,,,,,,,,,,,,,,,,,,,,,,
29043,11250,11450,3500,2250,,,,,,,,,,,,,,,,,,,,,,
29052,21070,16082,3900,2720,,,,,,,,,,,,,,,,,,,,,,
29055,6630,8630,2050,1250,,,,,,,,,,,,,,,,,,,,,,
29065,9950,5250,2000,250,,,,,,,,,,,,,,,,,,,,,,
29067,25730,44450,11650,4600,,,,,,,,,,,,,,,,,,,,,,
29068,19730,,,,,,,,,,,,,,,,,,,,,,,,,
29072,13130,9595,2300,1120,,,,,,,,,,,,,,,,,,,,,,
29078,6070,8100,2750,1330,,,,,,,,,,,,,,,,,,,,,,
29081,9220,12210,1480,960,,,,,,,,,,,,,,,,,,,,,,
29083,6250,4470,1530,0,,,,,,,,,,,,,,,,,,,,,,
29086,2730,4090,1000,500,,,,,,,,,,,,,,,,,,,,,,
29089,0,120,0,280,,,,,,,,,,,,,,,,,,,,,,
29094,22850,14100,1250,1000,,,,,,,,,,,,,,,,,,,,,,
29095,4300,14870,4250,300,,,,,,,,,,,,,,,,,,,,,,
29106,11650,5440,1900,250,,,,,,,,,,,,,,,,,,,,,,
29109,5250,3690,300,,,,,,,,,,,,,,,,,,,,,,,
29110,21850,12400,5790,2500,,,,,,,,,,,,,,,,,,,,,,
29114,22230,20200,2160,1050,,,,,,,,,,,,,,,,,,,,,,
29124,25970,16900,4250,2550,,,,,,,,,,,,,,,,,,,,,,
29136,18340,26150,3900,1540,,,,,,,,,,,,,,,,,,,,,,
29145,12250,9500,1100,2000,,,,,,,,,,,,,,,,,,,,,,
29188,12800,2120,2360,600,,,,,,,,,,,,,,,,,,,,,,
29197,27880,31430,7350,400,,,,,,,,,,,,,,,,,,,,,,
29201,9380,7180,1710,0,,,,,,,,,,,,,,,,,,,,,,
29214,5950,6700,1250,450,,,,,,,,,,,,,,,,,,,,,,
29246,12870,4600,1800,500,,,,,,,,,,,,,,,,,,,,,,
29256,10050,15050,250,2000,,,,,,,,,,,,,,,,,,,,,,
29258,38050,14950,7250,,,,,,,,,,,,,,,,,,,,,,,
29262,3550,7350,450,0,,,,,,,,,,,,,,,,,,,,,,
29263,33150,31750,7250,2500,,,,,,,,,,,,,,,,,,,,,,
29270,10090,18308,2732,0,,,,,,,,,,,,,,,,,,,,,,
29273,8570,21036,4330,0,,,,,,,,,,,,,,,,,,,,,,
29276,2500,5900,1600,,,,,,,,,,,,,,,,,,,,,,,
29290,27135,21075,7125,,,,,,,,,,,,,,,,,,,,,,,
29301,17200,18800,4750,,,,,,,,,,,,,,,,,,,,,,,
29307,36570,15690,12850,,,,,,,,,,,,,,,,,,,,,,,
29311,9400,17800,2000,,,,,,,,,,,,,,,,,,,,,,,
29336,17120,,530,,,,,,,,,,,,,,,,,,,,,,,
29337,17620,34280,3650,,,,,,,,,,,,,,,,,,,,,,,
29340,6450,16500,3950,,,,,,,,,,,,,,,,,,,,,,,
29341,9650,6850,1690,,,,,,,,,,,,,,,,,,,,,,,
29351,2000,,,,,,,,,,,,,,,,,,,,,,,,,
29356,16070,7420,1540,,,,,,,,,,,,,,,,,,,,,,,
29358,35645,26815,11410,,,,,,,,,,,,,,,,,,,,,,,
29362,16600,22200,3000,,,,,,,,,,,,,,,,,,,,,,,
29369,8010,18234,5670,,,,,,,,,,,,,,,,,,,,,,,
29378,700,,,,,,,,,,,,,,,,,,,,,,,,,
29389,6600,17150,2500,,,,,,,,,,,,,,,,,,,,,,,
29411,8550,10590,2200,,,,,,,,,,,,,,,,,,,,,,,
29422,19850,16750,2250,,,,,,,,,,,,,,,,,,,,,,,
29435,7410,5360,2740,,,,,,,,,,,,,,,,,,,,,,,
29452,21390,13498,1632,,,,,,,,,,,,,,,,,,,,,,,
29459,3230,,620,,,,,,,,,,,,,,,,,,,,,,,
29460,11365,4970,1410,,,,,,,,,,,,,,,,,,,,,,,
29472,11495,4000,1800,,,,,,,,,,,,,,,,,,,,,,,
29500,38610,28020,8430,,,,,,,,,,,,,,,,,,,,,,,
29506,2470,5550,2285,,,,,,,,,,,,,,,,,,,,,,,
29517,4210,7800,2800,,,,,,,,,,,,,,,,,,,,,,,
29529,,,,,,,,,,,,,,,,,,,,,,,,,,
29565,10830,,,,,,,,,,,,,,,,,,,,,,,,,
29567,3410,4200,2160,,,,,,,,,,,,,,,,,,,,,,,
29569,4350,8100,2050,,,,,,,,,,,,,,,,,,,,,,,
29573,7875,2095,3205,,,,,,,,,,,,,,,,,,,,,,,
29583,25860,32260,1000,,,,,,,,,,,,,,,,,,,,,,,
29584,7270,,,,,,,,,,,,,,,,,,,,,,,,,
29586,8860,,,,,,,,,,,,,,,,,,,,,,,,,
29597,,,,,,,,,,,,,,,,,,,,,,,,,,
29604,6700,7930,2490,,,,,,,,,,,,,,,,,,,,,,,
29611,6500,10900,2350,,,,,,,,,,,,,,,,,,,,,,,
29623,5700,20114,2606,,,,,,,,,,,,,,,,,,,,,,,
29632,1660,3070,40,,,,,,,,,,,,,,,,,,,,,,,
29635,1700,,,,,,,,,,,,,,,,,,,,,,,,,
29638,29370,32310,13608,,,,,,,,,,,,,,,,,,,,,,,
29650,42930,12570,7750,,,,,,,,,,,,,,,,,,,,,,,
29651,0,,,,,,,,,,,,,,,,,,,,,,,,,
29657,12630,5800,1500,,,,,,,,,,,,,,,,,,,,,,,
29666,11050,16450,750,,,,,,,,,,,,,,,,,,,,,,,
29672,7585,,,,,,,,,,,,,,,,,,,,,,,,,
29681,5900,11600,800,,,,,,,,,,,,,,,,,,,,,,,
29682,31270,33040,7720,3860,44200,44070,22340,,,,,,,,,,,,,,,,,,,
29683,27250,35760,4340,,,,,,,,,,,,,,,,,,,,,,,
29687,18100,7150,4450,,,,,,,,,,,,,,,,,,,,,,,
29697,30950,27580,9790,,,,,,,,,,,,,,,,,,,,,,,
29723,1400,5800,500,,,,,,,,,,,,,,,,,,,,,,,
29728,1900,,,,,,,,,,,,,,,,,,,,,,,,,
29740,3230,3750,140,,,,,,,,,,,,,,,,,,,,,,,
29747,26910,24106,6318,,,,,,,,,,,,,,,,,,,,,,,
29771,3220,,,,,,,,,,,,,,,,,,,,,,,,,
29777,11880,11090,4650,,,,,,,,,,,,,,,,,,,,,,,
29782,19150,8800,3250,,,,,,,,,,,,,,,,,,,,,,,
29783,21790,,,,,,,,,,,,,,,,,,,,,,,,,
29786,13750,19750,4500,,,,,,,,,,,,,,,,,,,,,,,
29794,25200,20900,5000,,,,,,,,,,,,,,,,,,,,,,,
29806,17870,28600,6900,,,,,,,,,,,,,,,,,,,,,,,
29808,6400,4300,950,,,,,,,,,,,,,,,,,,,,,,,
29824,32250,13600,3250,,,,,,,,,,,,,,,,,,,,,,,
29834,,900,0,,,,,,,,,,,,,,,,,,,,,,,
29835,,400,0,,,,,,,,,,,,,,,,,,,,,,,
29840,19740,7890,7410,,,,,,,,,,,,,,,,,,,,,,,
29841,8700,9100,3000,,,,,,,,,,,,,,,,,,,,,,,
29845,15720,8700,5930,,,,,,,,,,,,,,,,,,,,,,,
29860,15700,7700,3200,,,,,,,,,,,,,,,,,,,,,,,
29861,100,2800,1000,,,,,,,,,,,,,,,,,,,,,,,
29873,30450,14750,3000,,,,,,,,,,,,,,,,,,,,,,,
29878,16350,18950,4250,,,,,,,,,,,,,,,,,,,,,,,
29899,4370,1790,790,,,,,,,,,,,,,,,,,,,,,,,
29903,19165,4785,3660,,,,,,,,,,,,,,,,,,,,,,,
29904,5350,12350,1690,,,,,,,,,,,,,,,,,,,,,,,
29920,31600,21780,5400,,,,,,,,,,,,,,,,,,,,,,,
29926,8050,8600,1200,,,,,,,,,,,,,,,,,,,,,,,
29929,29270,27900,14030,,,,,,,,,,,,,,,,,,,,,,,
29935,9020,3790,2260,,,,,,,,,,,,,,,,,,,,,,,
29940,6300,7400,3600,,,,,,,,,,,,,,,,,,,,,,,
29945,17150,19042,7376,,,,,,,,,,,,,,,,,,,,,,,
29952,15870,22870,6000,,,,,,,,,,,,,,,,,,,,,,,
29959,2500,4350,1350,,,,,,,,,,,,,,,,,,,,,,,
29963,8200,6600,700,,,,,,,,,,,,,,,,,,,,,,,
29986,21130,14572,2410,,,,,,,,,,,,,,,,,,,,,,,
29990,2100,9692,2630,,,,,,,,,,,,,,,,,,,,,,,
29999,13640,19740,7360,,,,,,,,,,,,,,,,,,,,,,,
30001,500,,,,,,,,,,,,,,,,,,,,,,,,,
30019,1450,6500,2000,,,,,,,,,,,,,,,,,,,,,,,
30021,1350,6100,2250,,,,,,,,,,,,,,,,,,,,,,,
30027,5600,2050,450,,,,,,,,,,,,,,,,,,,,,,,
30062,10850,6700,750,,,,,,,,,,,,,,,,,,,,,,,
30066,25160,19130,3580,,,,,,,,,,,,,,,,,,,,,,,
30068,12950,13320,5020,,,,,,,,,,,,,,,,,,,,,,,
30074,2450,4200,950,,,,,,,,,,,,,,,,,,,,,,,
30078,7850,5900,1400,,,,,,,,,,,,,,,,,,,,,,,
30085,5250,2500,200,,,,,,,,,,,,,,,,,,,,,,,
30110,4000,13500,1500,,,,,,,,,,,,,,,,,,,,,,,
30123,6170,6040,1080,,,,,,,,,,,,,,,,,,,,,,,
30145,24250,12550,4750,,,,,,,,,,,,,,,,,,,,,,,
30147,38170,13954,5344,,,,,,,,,,,,,,,,,,,,,,,
30169,17530,18932,5972,,,,,,,,,,,,,,,,,,,,,,,
30184,21190,20520,4712,,,,,,,,,,,,,,,,,,,,,,,
30200,29250,21790,6538,,,,,,,,,,,,,,,,,,,,,,,
30215,9440,4790,1580,,,,,,,,,,,,,,,,,,,,,,,
30216,4890,5090,1330,,,,,,,,,,,,,,,,,,,,,,,
30219,3930,1650,2200,,,,,,,,,,,,,,,,,,,,,,,
30225,5350,6300,2750,,,,,,,,,,,,,,,,,,,,,,,
30232,29250,19760,8140,,,,,,,,,,,,,,,,,,,,,,,
30235,4550,2500,1500,,,,,,,,,,,,,,,,,,,,,,,
30236,7250,6500,4050,,,,,,,,,,,,,,,,,,,,,,,
30266,7700,4750,1000,,,,,,,,,,,,,,,,,,,,,,,
30267,7700,4750,1000,,,,,,,,,,,,,,,,,,,,,,,
30277,7640,,2320,,,,,,,,,,,,,,,,,,,,,,,
30282,3150,6300,1000,,,,,,,,,,,,,,,,,,,,,,,
30284,26670,12220,5500,,,,,,,,,,,,,,,,,,,,,,,
30287,5360,790,2080,,,,,,,,,,,,,,,,,,,,,,,
30290,6870,,,,,,,,,,,,,,,,,,,,,,,,,
30293,12940,14440,9140,,,,,,,,,,,,,,,,,,,,,,,
30320,20120,,320,,,,,,,,,,,,,,,,,,,,,,,
30328,10650,7100,2300,,,,,,,,,,,,,,,,,,,,,,,
30331,10070,4830,1500,,,,,,,,,,,,,,,,,,,,,,,
30340,22975,11860,6300,,,,,,,,,,,,,,,,,,,,,,,
30346,33810,21322,3290,,,,,,,,,,,,,,,,,,,,,,,
30449,2600,7950,3500,,,,,,,,,,,,,,,,,,,,,,,
30500,3120,7850,2300,,,,,,,,,,,,,,,,,,,,,,,
30515,6130,4290,1360,,,,,,,,,,,,,,,,,,,,,,,
30526,10770,4530,2720,,,,,,,,,,,,,,,,,,,,,,,
30530,1900,10700,1500,,,,,,,,,,,,,,,,,,,,,,,
30540,0,2200,750,,,,,,,,,,,,,,,,,,,,,,,
30550,19050,7000,5250,,,,,,,,,,,,,,,,,,,,,,,
30551,12550,4000,2250,,,,,,,,,,,,,,,,,,,,,,,
30568,19050,14000,3500,,,,,,,,,,,,,,,,,,,,,,,
30595,8750,2500,1750,,,,,,,,,,,,,,,,,,,,,,,
30607,9460,4830,5840,,,,,,,,,,,,,,,,,,,,,,,
30615,24750,,4000,,,,,,,,,,,,,,,,,,,,,,,
30631,2200,2000,4000,,,,,,,,,,,,,,,,,,,,,,,
30673,7450,3150,1500,,,,,,,,,,,,,,,,,,,,,,,
30677,15130,2720,1920,,,,,,,,,,,,,,,,,,,,,,,
30678,18330,10140,3848,,,,,,,,,,,,,,,,,,,,,,,
30680,22170,7740,3200,,,,,,,,,,,,,,,,,,,,,,,
30725,3290,2650,1550,,,,,,,,,,,,,,,,,,,,,,,
30743,18930,12764,4990,,,,,,,,,,,,,,,,,,,,,,,
30756,40650,15530,6790,,,,,,,,,,,,,,,,,,,,,,,
30758,1640,770,960,,,,,,,,,,,,,,,,,,,,,,,
30764,7480,2800,1000,,,,,,,,,,,,,,,,,,,,,,,
30773,31960,4070,7020,,,,,,,,,,,,,,,,,,,,,,,
30774,5895,,,,,,,,,,,,,,,,,,,,,,,,,
30776,4425,,,,,,,,,,,,,,,,,,,,,,,,,
30780,600,,,,,,,,,,,,,,,,,,,,,,,,,
30804,5900,,,,,,,,,,,,,,,,,,,,,,,,,
30810,20610,13230,5538,,,,,,,,,,,,,,,,,,,,,,,
30812,5700,,,,,,,,,,,,,,,,,,,,,,,,,
30823,9435,,,,,,,,,,,,,,,,,,,,,,,,,
30828,4450,2330,1050,,,,,,,,,,,,,,,,,,,,,,,
30834,5410,1850,1250,,,,,,,,,,,,,,,,,,,,,,,
30837,17300,5150,4480,,,,,,,,,,,,,,,,,,,,,,,
30858,32690,7830,10360,,,,,,,,,,,,,,,,,,,,,,,
30859,23980,3290,8060,,,,,,,,,,,,,,,,,,,,,,,
30862,17440,9920,5384,,,,,,,,,,,,,,,,,,,,,,,
30874,6150,,,,,,,,,,,,,,,,,,,,,,,,,
30891,5825,,,,,,,,,,,,,,,,,,,,,,,,,
30901,,,,,,,,,,,,,,,,,,,,,,,,,,
30903,7200,1330,1080,,,,,,,,,,,,,,,,,,,,,,,
30904,5425,,,,,,,,,,,,,,,,,,,,,,,,,
30915,6350,,,,,,,,,,,,,,,,,,,,,,,,,
30916,6100,5750,3200,,,,,,,,,,,,,,,,,,,,,,,
30919,4675,,,,,,,,,,,,,,,,,,,,,,,,,
30923,6925,,,,,,,,,,,,,,,,,,,,,,,,,
30926,7480,2800,1000,,,,,,,,,,,,,,,,,,,,,,,
30997,11510,,,,,,,,,,,,,,,,,,,,,,,,,
30998,10060,700,2000,,,,,,,,,,,,,,,,,,,,,,,
31002,3750,5340,1900,,,,,,,,,,,,,,,,,,,,,,,
31009,31470,16620,5770,,,,,,,,,,,,,,,,,,,,,,,
31020,11490,3480,4330,,,,,,,,,,,,,,,,,,,,,,,
31028,4100,3100,1200,,,,,,,,,,,,,,,,,,,,,,,
31050,4550,3050,1800,,,,,,,,,,,,,,,,,,,,,,,
31056,15850,8280,8840,,,,,,,,,,,,,,,,,,,,,,,
31060,18570,7770,8110,,,,,,,,,,,,,,,,,,,,,,,
31062,18910,3970,4300,,,,,,,,,,,,,,,,,,,,,,,
31065,30350,5710,3660,,,,,,,,,,,,,,,,,,,,,,,
31067,4050,6500,1000,,,,,,,,,,,,,,,,,,,,,,,
31081,7335,,,,,,,,,,,,,,,,,,,,,,,,,
31085,4750,3100,2050,,,,,,,,,,,,,,,,,,,,,,,
31103,10900,3250,2500,,,,,,,,,,,,,,,,,,,,,,,
31121,30630,11290,10908,,,,,,,,,,,,,,,,,,,,,,,
31133,6850,,,,,,,,,,,,,,,,,,,,,,,,,
31134,4850,,,,,,,,,,,,,,,,,,,,,,,,,
31170,11155,480,500,,,,,,,,,,,,,,,,,,,,,,,
31173,8450,6500,3250,,,,,,,,,,,,,,,,,,,,,,,
31181,44690,14160,11220,,,,,,,,,,,,,,,,,,,,,,,
31182,26970,8300,11590,,,,,,,,,,,,,,,,,,,,,,,
31188,1550,500,2000,,,,,,,,,,,,,,,,,,,,,,,
31189,15900,2400,3750,,,,,,,,,,,,,,,,,,,,,,,
31191,3840,1640,4300,,,,,,,,,,,,,,,,,,,,,,,
31193,12250,,0,,,,,,,,,,,,,,,,,,,,,,,
31194,3975,,,,,,,,,,,,,,,,,,,,,,,,,
31219,33230,8810,9462,,,,,,,,,,,,,,,,,,,,,,,
31229,24220,5770,6400,,,,,,,,,,,,,,,,,,,,,,,
31238,19730,4030,3410,,,,,,,,,,,,,,,,,,,,,,,
31244,15050,3000,3250,,,,,,,,,,,,,,,,,,,,,,,
31256,6950,4050,1750,,,,,,,,,,,,,,,,,,,,,,,
31258,9410,60,20,,,,,,,,,,,,,,,,,,,,,,,
31267,8280,1890,1050,,,,,,,,,,,,,,,,,,,,,,,
31293,15270,3200,5050,,,,,,,,,,,,,,,,,,,,,,,
31310,7970,8210,9262,,,,,,,,,,,,,,,,,,,,,,,
31311,15710,4000,3660,,,,,,,,,,,,,,,,,,,,,,,
31313,5800,,,,,,,,,,,,,,,,,,,,,,,,,
31316,0,2250,600,,,,,,,,,,,,,,,,,,,,,,,
31317,9200,3700,2550,,,,,,,,,,,,,,,,,,,,,,,
31318,16530,410,720,,,,,,,,,,,,,,,,,,,,,,,
31320,4040,2350,1800,,,,,,,,,,,,,,,,,,,,,,,
31334,3500,2750,2700,,,,,,,,,,,,,,,,,,,,,,,
31342,7985,,,,,,,,,,,,,,,,,,,,,,,,,
31351,1000,1750,1500,,,,,,,,,,,,,,,,,,,,,,,
31353,11010,2800,3750,,,,,,,,,,,,,,,,,,,,,,,
31365,21315,4700,3680,,,,,,,,,,,,,,,,,,,,,,,
31366,9490,2415,1020,,,,,,,,,,,,,,,,,,,,,,,
31380,9250,3350,1800,,,,,,,,,,,,,,,,,,,,,,,
31405,650,200,500,,,,,,,,,,,,,,,,,,,,,,,
31412,0,,,,,,,,,,,,,,,,,,,,,,,,,
31417,11150,2750,2250,,,,,,,,,,,,,,,,,,,,,,,
31421,5500,1000,750,,,,,,,,,,,,,,,,,,,,,,,
31434,30790,5660,6890,,,,,,,,,,,,,,,,,,,,,,,
31459,22500,2920,2360,,,,,,,,,,,,,,,,,,,,,,,
31462,9910,1160,2400,,,,,,,,,,,,,,,,,,,,,,,
31478,690,2600,5250,,,,,,,,,,,,,,,,,,,,,,,
31479,2300,11400,950,,,,,,,,,,,,,,,,,,,,,,,
31488,,,,,,,,,,,,,,,,,,,,,,,,,,
31489,7700,500,1000,,,,,,,,,,,,,,,,,,,,,,,
31490,22370,5680,9790,,,,,,,,,,,,,,,,,,,,,,,
31491,17130,8670,5590,,,,,,,,,,,,,,,,,,,,,,,
31492,11110,1330,1160,,,,,,,,,,,,,,,,,,,,,,,
31497,25670,2000,4560,,,,,,,,,,,,,,,,,,,,,,,
31501,15050,2250,2000,,,,,,,,,,,,,,,,,,,,,,,
31517,27990,13260,7140,,,,,,,,,,,,,,,,,,,,,,,
31518,26360,2370,2160,,,,,,,,,,,,,,,,,,,,,,,
31522,12250,400,2850,,,,,,,,,,,,,,,,,,,,,,,
31531,19790,2950,4800,,,,,,,,,,,,,,,,,,,,,,,
31534,17670,3210,3030,,,,,,,,,,,,,,,,,,,,,,,
31535,11300,2000,5500,,,,,,,,,,,,,,,,,,,,,,,
31539,11030,3500,5870,,,,,,,,,,,,,,,,,,,,,,,
31545,11760,900,2940,,,,,,,,,,,,,,,,,,,,,,,
31546,23010,2970,6950,,,,,,,,,,,,,,,,,,,,,,,
31552,6970,1500,1000,,,,,,,,,,,,,,,,,,,,,,,
31553,28630,1750,7690,,,,,,,,,,,,,,,,,,,,,,,
31562,10300,2000,2000,,,,,,,,,,,,,,,,,,,,,,,
31566,16200,2350,3250,,,,,,,,,,,,,,,,,,,,,,,
31567,11050,1500,1000,,,,,,,,,,,,,,,,,,,,,,,
31568,12900,0,2000,,,,,,,,,,,,,,,,,,,,,,,
31571,1250,2200,1450,,,,,,,,,,,,,,,,,,,,,,,
31572,8150,4750,2500,,,,,,,,,,,,,,,,,,,,,,,
31581,8560,,11050,,,,,,,,,,,,,,,,,,,,,,,
31586,24450,0,5500,,,,,,,,,,,,,,,,,,,,,,,
31587,14490,500,2510,,,,,,,,,,,,,,,,,,,,,,,
31588,6750,1000,1150,,,,,,,,,,,,,,,,,,,,,,,
31590,18230,7040,5640,,,,,,,,,,,,,,,,,,,,,,,
31592,24870,680,4880,,,,,,,,,,,,,,,,,,,,,,,
31611,5775,,,,,,,,,,,,,,,,,,,,,,,,,
31614,6275,,,,,,,,,,,,,,,,,,,,,,,,,
31618,35350,7480,11610,,,,,,,,,,,,,,,,,,,,,,,
31623,17700,500,2660,,,,,,,,,,,,,,,,,,,,,,,
31632,22850,2705,9820,,,,,,,,,,,,,,,,,,,,,,,
31634,8050,500,1250,,,,,,,,,,,,,,,,,,,,,,,
31645,23130,4900,9800,,,,,,,,,,,,,,,,,,,,,,,
31646,12330,80,880,,,,,,,,,,,,,,,,,,,,,,,
31647,10410,0,2320,,,,,,,,,,,,,,,,,,,,,,,
31663,2040,530,800,,,,,,,,,,,,,,,,,,,,,,,
31664,10900,750,3300,,,,,,,,,,,,,,,,,,,,,,,
31665,9840,1000,2000,,,,,,,,,,,,,,,,,,,,,,,
31681,5555,,,,,,,,,,,,,,,,,,,,,,,,,
31682,7150,,,,,,,,,,,,,,,,,,,,,,,,,
31688,4555,,,,,,,,,,,,,,,,,,,,,,,,,
31699,7650,500,850,,,,,,,,,,,,,,,,,,,,,,,
31707,27750,0,5000,,,,,,,,,,,,,,,,,,,,,,,
31722,9785,820,2510,,,,,,,,,,,,,,,,,,,,,,,
31724,6810,750,1630,,,,,,,,,,,,,,,,,,,,,,,
31729,25870,,7760,,,,,,,,,,,,,,,,,,,,,,,
31730,20745,,4920,,,,,,,,,,,,,,,,,,,,,,,
31737,22380,,5100,,,,,,,,,,,,,,,,,,,,,,,
31743,11210,,,,,,,,,,,,,,,,,,,,,,,,,
31744,23890,,4730,,,,,,,,,,,,,,,,,,,,,,,
31747,9050,,1990,,,,,,,,,,,,,,,,,,,,,,,
31754,16130,,8790,,,,,,,,,,,,,,,,,,,,,,,
31770,2550,,3500,,,,,,,,,,,,,,,,,,,,,,,
31775,0,,100,,,,,,,,,,,,,,,,,,,,,,,
31776,13730,,2250,,,,,,,,,,,,,,,,,,,,,,,
31778,35110,,9070,,,,,,,,,,,,,,,,,,,,,,,
31779,15210,,3580,,,,,,,,,,,,,,,,,,,,,,,
31780,13800,,5250,,,,,,,,,,,,,,,,,,,,,,,
31785,19990,,8790,,,,,,,,,,,,,,,,,,,,,,,
31786,16130,,5056,,,,,,,,,,,,,,,,,,,,,,,
31789,24710,,4220,,,,,,,,,,,,,,,,,,,,,,,
31795,12150,,7256,,,,,,,,,,,,,,,,,,,,,,,
31796,21590,,4940,,,,,,,,,,,,,,,,,,,,,,,
31805,250,,250,,,,,,,,,,,,,,,,,,,,,,,
31806,22350,,6770,,,,,,,,,,,,,,,,,,,,,,,
31809,6975,,,,,,,,,,,,,,,,,,,,,,,,,
31810,34950,,6310,,,,,,,,,,,,,,,,,,,,,,,
31817,7250,,1000,,,,,,,,,,,,,,,,,,,,,,,
31818,12430,,4970,,,,,,,,,,,,,,,,,,,,,,,
31821,7250,,2250,,,,,,,,,,,,,,,,,,,,,,,
31825,400,,1400,,,,,,,,,,,,,,,,,,,,,,,
31844,1150,,950,,,,,,,,,,,,,,,,,,,,,,,
31855,21940,,2000,,,,,,,,,,,,,,,,,,,,,,,
31861,11600,,920,,,,,,,,,,,,,,,,,,,,,,,
31863,2750,,2000,,,,,,,,,,,,,,,,,,,,,,,
31864,2650,,,,,,,,,,,,,,,,,,,,,,,,,
31866,15240,,1760,,,,,,,,,,,,,,,,,,,,,,,
31867,8535,,,,,,,,,,,,,,,,,,,,,,,,,
31878,14990,,,,,,,,,,,,,,,,,,,,,,,,,
31884,29730,,2000,,,,,,,,,,,,,,,,,,,,,,,
31906,7110,,,,,,,,,,,,,,,,,,,,,,,,,
31907,250,,,,,,,,,,,,,,,,,,,,,,,,,
31921,9650,,2200,,,,,,,,,,,,,,,,,,,,,,,
31928,9100,,2500,,,,,,,,,,,,,,,,,,,,,,,
31930,8880,,400,,,,,,,,,,,,,,,,,,,,,,,
31936,250,,,,,,,,,,,,,,,,,,,,,,,,,
31947,11350,,2500,,,,,,,,,,,,,,,,,,,,,,,
31948,9130,,970,,,,,,,,,,,,,,,,,,,,,,,
31950,5340,,4140,,,,,,,,,,,,,,,,,,,,,,,
31952,4340,,2380,,,,,,,,,,,,,,,,,,,,,,,
31954,8400,,1350,,,,,,,,,,,,,,,,,,,,,,,
31955,7900,,5480,,,,,,,,,,,,,,,,,,,,,,,
31961,6690,,4850,,,,,,,,,,,,,,,,,,,,,,,
31964,21500,,3000,,,,,,,,,,,,,,,,,,,,,,,
31979,15090,,,,,,,,,,,,,,,,,,,,,,,,,
31993,12490,,3440,,,,,,,,,,,,,,,,,,,,,,,
31994,16370,,2410,,,,,,,,,,,,,,,,,,,,,,,
31996,14410,,3780,,,,,,,,,,,,,,,,,,,,,,,
31997,13790,,2750,,,,,,,,,,,,,,,,,,,,,,,
31998,22440,,1510,,,,,,,,,,,,,,,,,,,,,,,
32000,8570,,200,,,,,,,,,,,,,,,,,,,,,,,
32004,14730,,3480,,,,,,,,,,,,,,,,,,,,,,,
32009,250,,,,,,,,,,,,,,,,,,,,,,,,,
32010,6975,,,,,,,,,,,,,,,,,,,,,,,,,
32019,1850,,100,,,,,,,,,,,,,,,,,,,,,,,
32020,16050,,2250,,,,,,,,,,,,,,,,,,,,,,,
32028,7550,,580,,,,,,,,,,,,,,,,,,,,,,,
32031,2300,,0,,,,,,,,,,,,,,,,,,,,,,,
32032,19780,,1610,,,,,,,,,,,,,,,,,,,,,,,
32034,6000,,,,,,,,,,,,,,,,,,,,,,,,,
32040,1100,,700,,,,,,,,,,,,,,,,,,,,,,,
32042,5240,,1000,,,,,,,,,,,,,,,,,,,,,,,
32048,900,,700,,,,,,,,,,,,,,,,,,,,,,,
32049,12570,,3150,,,,,,,,,,,,,,,,,,,,,,,
32056,8510,,1700,,,,,,,,,,,,,,,,,,,,,,,
32060,6825,,,,,,,,,,,,,,,,,,,,,,,,,
32062,12400,,2500,,,,,,,,,,,,,,,,,,,,,,,
32069,18040,,4540,,,,,,,,,,,,,,,,,,,,,,,
32071,9300,,500,,,,,,,,,,,,,,,,,,,,,,,
32072,26350,,2620,,,,,,,,,,,,,,,,,,,,,,,
32083,0,,0,,,,,,,,,,,,,,,,,,,,,,,
32094,15850,,2000,,,,,,,,,,,,,,,,,,,,,,,
32100,250,,1000,,,,,,,,,,,,,,,,,,,,,,,
32106,3290,,4000,,,,,,,,,,,,,,,,,,,,,,,
32108,22750,,1080,,,,,,,,,,,,,,,,,,,,,,,
32109,12630,,250,,,,,,,,,,,,,,,,,,,,,,,
32112,9890,,1250,,,,,,,,,,,,,,,,,,,,,,,
32126,18030,,1250,,,,,,,,,,,,,,,,,,,,,,,
32142,17620,,250,,,,,,,,,,,,,,,,,,,,,,,
32149,27515,,1680,,,,,,,,,,,,,,,,,,,,,,,
32157,11330,,370,,,,,,,,,,,,,,,,,,,,,,,
32162,15090,,1360,,,,,,,,,,,,,,,,,,,,,,,
32163,11760,,0,,,,,,,,,,,,,,,,,,,,,,,
32164,3570,,0,,,,,,,,,,,,,,,,,,,,,,,
32170,12250,,300,,,,,,,,,,,,,,,,,,,,,,,
32180,18630,,1830,,,,,,,,,,,,,,,,,,,,,,,
32197,20000,,1000,,,,,,,,,,,,,,,,,,,,,,,
32206,6350,,500,,,,,,,,,,,,,,,,,,,,,,,
32212,15970,,2150,,,,,,,,,,,,,,,,,,,,,,,
32214,24890,,1860,,,,,,,,,,,,,,,,,,,,,,,
32221,13580,,160,,,,,,,,,,,,,,,,,,,,,,,
32229,16840,,1640,,,,,,,,,,,,,,,,,,,,,,,
32233,15550,,,,,,,,,,,,,,,,,,,,,,,,,
32235,13120,,320,,,,,,,,,,,,,,,,,,,,,,,
32247,33070,,1740,,,,,,,,,,,,,,,,,,,,,,,
32269,7850,,1120,,,,,,,,,,,,,,,,,,,,,,,
32278,9300,,1000,,,,,,,,,,,,,,,,,,,,,,,
32286,15590,,500,,,,,,,,,,,,,,,,,,,,,,,
32296,15370,,1000,,,,,,,,,,,,,,,,,,,,,,,
32309,4500,,0,,,,,,,,,,,,,,,,,,,,,,,
32310,5975,,,,,,,,,,,,,,,,,,,,,,,,,
32317,8650,,1300,,,,,,,,,,,,,,,,,,,,,,,
32324,9090,,350,,,,,,,,,,,,,,,,,,,,,,,
32325,6530,,0,,,,,,,,,,,,,,,,,,,,,,,
32330,5630,,,,,,,,,,,,,,,,,,,,,,,,,
32337,10330,,,,,,,,,,,,,,,,,,,,,,,,,
32342,14920,,,,,,,,,,,,,,,,,,,,,,,,,
32347,15350,,,,,,,,,,,,,,,,,,,,,,,,,
32356,14600,,,,,,,,,,,,,,,,,,,,,,,,,
32359,23270,,,,,,,,,,,,,,,,,,,,,,,,,
32362,9180,,,,,,,,,,,,,,,,,,,,,,,,,
32363,26050,,,,,,,,,,,,,,,,,,,,,,,,,
32367,21250,,,,,,,,,,,,,,,,,,,,,,,,,
32371,22570,,,,,,,,,,,,,,,,,,,,,,,,,
32375,35420,,,,,,,,,,,,,,,,,,,,,,,,,
32382,15010,,,,,,,,,,,,,,,,,,,,,,,,,
32383,8835,,,,,,,,,,,,,,,,,,,,,,,,,
32396,37550,,,,,,,,,,,,,,,,,,,,,,,,,
32398,40290,,,,,,,,,,,,,,,,,,,,,,,,,
32399,,,,,,,,,,,,,,,,,,,,,,,,,,
32403,27830,,,,,,,,,,,,,,,,,,,,,,,,,
32414,4650,,,,,,,,,,,,,,,,,,,,,,,,,
32416,21550,,,,,,,,,,,,,,,,,,,,,,,,,
32421,24190,,,,,,,,,,,,,,,,,,,,,,,,,
32423,20890,,,,,,,,,,,,,,,,,,,,,,,,,
32429,25130,,,,,,,,,,,,,,,,,,,,,,,,,
32431,7075,,,,,,,,,,,,,,,,,,,,,,,,,
32434,19420,,,,,,,,,,,,,,,,,,,,,,,,,
32442,21890,,,,,,,,,,,,,,,,,,,,,,,,,
32445,19080,,,,,,,,,,,,,,,,,,,,,,,,,
32446,5100,,,,,,,,,,,,,,,,,,,,,,,,,
32451,4400,,,,,,,,,,,,,,,,,,,,,,,,,
32463,21520,,,,,,,,,,,,,,,,,,,,,,,,,
32467,5100,,,,,,,,,,,,,,,,,,,,,,,,,
32470,6220,,,,,,,,,,,,,,,,,,,,,,,,,
32472,6540,,,,,,,,,,,,,,,,,,,,,,,,,
32499,21690,,,,,,,,,,,,,,,,,,,,,,,,,
32500,4350,,,,,,,,,,,,,,,,,,,,,,,,,
32505,17110,,,,,,,,,,,,,,,,,,,,,,,,,
32511,17970,,,,,,,,,,,,,,,,,,,,,,,,,
32512,10750,,,,,,,,,,,,,,,,,,,,,,,,,
32518,11750,,,,,,,,,,,,,,,,,,,,,,,,,
32523,1040,,,,,,,,,,,,,,,,,,,,,,,,,
32526,20050,,,,,,,,,,,,,,,,,,,,,,,,,
32537,1850,,,,,,,,,,,,,,,,,,,,,,,,,
32548,17000,,,,,,,,,,,,,,,,,,,,,,,,,
32559,10300,,,,,,,,,,,,,,,,,,,,,,,,,
32562,29690,,,,,,,,,,,,,,,,,,,,,,,,,
32580,22230,,,,,,,,,,,,,,,,,,,,,,,,,
32582,5525,,,,,,,,,,,,,,,,,,,,,,,,,
32586,2350,,,,,,,,,,,,,,,,,,,,,,,,,
32587,8760,,,,,,,,,,,,,,,,,,,,,,,,,
32588,23040,,,,,,,,,,,,,,,,,,,,,,,,,
32601,15320,,,,,,,,,,,,,,,,,,,,,,,,,
32603,15380,,,,,,,,,,,,,,,,,,,,,,,,,
32607,7250,,,,,,,,,,,,,,,,,,,,,,,,,
32622,7900,,,,,,,,,,,,,,,,,,,,,,,,,
32631,,,,,,,,,,,,,,,,,,,,,,,,,,
32639,5070,,,,,,,,,,,,,,,,,,,,,,,,,
32646,8840,,,,,,,,,,,,,,,,,,,,,,,,,
32655,18290,,,,,,,,,,,,,,,,,,,,,,,,,
32657,7020,,,,,,,,,,,,,,,,,,,,,,,,,
32673,17690,,,,,,,,,,,,,,,,,,,,,,,,,
32677,10390,,,,,,,,,,,,,,,,,,,,,,,,,
32679,,,,,,,,,,,,,,,,,,,,,,,,,,
32689,41050,,,,,,,,,,,,,,,,,,,,,,,,,
32695,9000,,,,,,,,,,,,,,,,,,,,,,,,,
32697,6680,,,,,,,,,,,,,,,,,,,,,,,,,
32711,10900,,,,,,,,,,,,,,,,,,,,,,,,,
32718,8520,,,,,,,,,,,,,,,,,,,,,,,,,
32719,14640,,,,,,,,,,,,,,,,,,,,,,,,,
32722,9260,,,,,,,,,,,,,,,,,,,,,,,,,
32723,240,,,,,,,,,,,,,,,,,,,,,,,,,
32724,760,,,,,,,,,,,,,,,,,,,,,,,,,
32725,5000,,,,,,,,,,,,,,,,,,,,,,,,,
32726,41810,,,,,,,,,,,,,,,,,,,,,,,,,
32730,5450,,,,,,,,,,,,,,,,,,,,,,,,,
32731,5050,,,,,,,,,,,,,,,,,,,,,,,,,
32732,500,,,,,,,,,,,,,,,,,,,,,,,,,
32734,23870,,,,,,,,,,,,,,,,,,,,,,,,,
32743,9010,,,,,,,,,,,,,,,,,,,,,,,,,
32744,15410,,,,,,,,,,,,,,,,,,,,,,,,,
32756,2150,,,,,,,,,,,,,,,,,,,,,,,,,
32764,6050,,,,,,,,,,,,,,,,,,,,,,,,,
32770,4650,,,,,,,,,,,,,,,,,,,,,,,,,
32772,10510,,,,,,,,,,,,,,,,,,,,,,,,,
32777,8400,,,,,,,,,,,,,,,,,,,,,,,,,
32778,1500,,,,,,,,,,,,,,,,,,,,,,,,,
32785,7800,,,,,,,,,,,,,,,,,,,,,,,,,
32787,21560,,,,,,,,,,,,,,,,,,,,,,,,,
32803,13450,,,,,,,,,,,,,,,,,,,,,,,,,
32804,1400,,,,,,,,,,,,,,,,,,,,,,,,,
32806,9900,,,,,,,,,,,,,,,,,,,,,,,,,
32813,24250,,,,,,,,,,,,,,,,,,,,,,,,,
32814,750,,,,,,,,,,,,,,,,,,,,,,,,,
32817,,,,,,,,,,,,,,,,,,,,,,,,,,
32821,19410,,,,,,,,,,,,,,,,,,,,,,,,,
32827,16620,,,,,,,,,,,,,,,,,,,,,,,,,
32828,3920,,,,,,,,,,,,,,,,,,,,,,,,,
32836,23375,,,,,,,,,,,,,,,,,,,,,,,,,
32842,20285,,,,,,,,,,,,,,,,,,,,,,,,,
32844,17300,,,,,,,,,,,,,,,,,,,,,,,,,
32845,3700,,,,,,,,,,,,,,,,,,,,,,,,,
32854,8080,,,,,,,,,,,,,,,,,,,,,,,,,
32856,7535,,,,,,,,,,,,,,,,,,,,,,,,,
32858,13850,,,,,,,,,,,,,,,,,,,,,,,,,
32863,5600,,,,,,,,,,,,,,,,,,,,,,,,,
32864,6750,,,,,,,,,,,,,,,,,,,,,,,,,
32876,6990,,,,,,,,,,,,,,,,,,,,,,,,,
32879,6550,,,,,,,,,,,,,,,,,,,,,,,,,
32881,1850,,,,,,,,,,,,,,,,,,,,,,,,,
32886,3645,,,,,,,,,,,,,,,,,,,,,,,,,
32889,3250,,,,,,,,,,,,,,,,,,,,,,,,,
32891,15950,,,,,,,,,,,,,,,,,,,,,,,,,
32892,3190,,,,,,,,,,,,,,,,,,,,,,,,,
32898,15390,,,,,,,,,,,,,,,,,,,,,,,,,
32907,1700,,,,,,,,,,,,,,,,,,,,,,,,,
32912,6340,,,,,,,,,,,,,,,,,,,,,,,,,
32913,1850,,,,,,,,,,,,,,,,,,,,,,,,,
32925,22450,,,,,,,,,,,,,,,,,,,,,,,,,
32941,9610,,,,,,,,,,,,,,,,,,,,,,,,,
32942,19970,,,,,,,,,,,,,,,,,,,,,,,,,
32948,9050,,,,,,,,,,,,,,,,,,,,,,,,,
32971,17170,,,,,,,,,,,,,,,,,,,,,,,,,
32990,6100,,,,,,,,,,,,,,,,,,,,,,,,,
32996,14350,,,,,,,,,,,,,,,,,,,,,,,,,
33000,7800,,,,,,,,,,,,,,,,,,,,,,,,,
33002,6090,,,,,,,,,,,,,,,,,,,,,,,,,
33005,9600,,,,,,,,,,,,,,,,,,,,,,,,,
33008,13350,,,,,,,,,,,,,,,,,,,,,,,,,
33010,8290,,,,,,,,,,,,,,,,,,,,,,,,,
33011,18630,,,,,,,,,,,,,,,,,,,,,,,,,
33012,14510,,,,,,,,,,,,,,,,,,,,,,,,,
33013,12990,,,,,,,,,,,,,,,,,,,,,,,,,
33015,10850,,,,,,,,,,,,,,,,,,,,,,,,,
33016,6350,,,,,,,,,,,,,,,,,,,,,,,,,
33018,17910,,,,,,,,,,,,,,,,,,,,,,,,,
33022,10500,,,,,,,,,,,,,,,,,,,,,,,,,
33025,6310,,,,,,,,,,,,,,,,,,,,,,,,,
33027,15830,,,,,,,,,,,,,,,,,,,,,,,,,
33032,16870,,,,,,,,,,,,,,,,,,,,,,,,,
33033,5125,,,,,,,,,,,,,,,,,,,,,,,,,
33034,8880,,,,,,,,,,,,,,,,,,,,,,,,,
33039,6400,,,,,,,,,,,,,,,,,,,,,,,,,
33044,24770,,,,,,,,,,,,,,,,,,,,,,,,,
33046,13070,,,,,,,,,,,,,,,,,,,,,,,,,
33047,,,,,,,,,,,,,,,,,,,,,,,,,,
33049,5100,,,,,,,,,,,,,,,,,,,,,,,,,
33053,7815,,,,,,,,,,,,,,,,,,,,,,,,,
33054,7610,,,,,,,,,,,,,,,,,,,,,,,,,
33055,10290,,,,,,,,,,,,,,,,,,,,,,,,,
33057,7610,,,,,,,,,,,,,,,,,,,,,,,,,
33075,11210,,,,,,,,,,,,,,,,,,,,,,,,,
33079,7430,,,,,,,,,,,,,,,,,,,,,,,,,
33081,7730,,,,,,,,,,,,,,,,,,,,,,,,,
33083,4440,,,,,,,,,,,,,,,,,,,,,,,,,
33084,4990,,,,,,,,,,,,,,,,,,,,,,,,,
33093,,,,,,,,,,,,,,,,,,,,,,,,,,
33095,9950,,,,,,,,,,,,,,,,,,,,,,,,,
33096,9970,,,,,,,,,,,,,,,,,,,,,,,,,
33104,4350,,,,,,,,,,,,,,,,,,,,,,,,,
33108,7350,,,,,,,,,,,,,,,,,,,,,,,,,
33109,11730,,,,,,,,,,,,,,,,,,,,,,,,,
33114,12300,,,,,,,,,,,,,,,,,,,,,,,,,
33116,4050,,,,,,,,,,,,,,,,,,,,,,,,,
33122,7500,,,,,,,,,,,,,,,,,,,,,,,,,
33124,27190,,,,,,,,,,,,,,,,,,,,,,,,,
33126,4940,,,,,,,,,,,,,,,,,,,,,,,,,
33127,3085,,,,,,,,,,,,,,,,,,,,,,,,,
33128,8100,,,,,,,,,,,,,,,,,,,,,,,,,
33129,2450,,,,,,,,,,,,,,,,,,,,,,,,,
33130,8100,,,,,,,,,,,,,,,,,,,,,,,,,
33133,22110,,,,,,,,,,,,,,,,,,,,,,,,,
33137,10750,,,,,,,,,,,,,,,,,,,,,,,,,
33141,2700,,,,,,,,,,,,,,,,,,,,,,,,,
33146,8090,,,,,,,,,,,,,,,,,,,,,,,,,
33149,0,,,,,,,,,,,,,,,,,,,,,,,,,
33151,6950,,,,,,,,,,,,,,,,,,,,,,,,,
33153,11510,,,,,,,,,,,,,,,,,,,,,,,,,
33160,6550,,,,,,,,,,,,,,,,,,,,,,,,,
33165,12230,,,,,,,,,,,,,,,,,,,,,,,,,
33171,8100,,,,,,,,,,,,,,,,,,,,,,,,,
33174,10480,,,,,,,,,,,,,,,,,,,,,,,,,
33182,5925,,,,,,,,,,,,,,,,,,,,,,,,,
33183,3125,,,,,,,,,,,,,,,,,,,,,,,,,
33187,8560,,,,,,,,,,,,,,,,,,,,,,,,,
33188,5975,,,,,,,,,,,,,,,,,,,,,,,,,
33195,6260,,,,,,,,,,,,,,,,,,,,,,,,,
33198,7940,,,,,,,,,,,,,,,,,,,,,,,,,
33200,13190,,,,,,,,,,,,,,,,,,,,,,,,,
33209,13480,,,,,,,,,,,,,,,,,,,,,,,,,
33211,4770,,,,,,,,,,,,,,,,,,,,,,,,,
33212,4030,,,,,,,,,,,,,,,,,,,,,,,,,
33213,4450,,,,,,,,,,,,,,,,,,,,,,,,,
33214,4490,,,,,,,,,,,,,,,,,,,,,,,,,
33215,5140,,,,,,,,,,,,,,,,,,,,,,,,,
33216,4030,,,,,,,,,,,,,,,,,,,,,,,,,
33226,5595,,,,,,,,,,,,,,,,,,,,,,,,,
33227,4305,,,,,,,,,,,,,,,,,,,,,,,,,
33229,8590,,,,,,,,,,,,,,,,,,,,,,,,,
33230,850,,,,,,,,,,,,,,,,,,,,,,,,,
33231,6420,,,,,,,,,,,,,,,,,,,,,,,,,
33232,4765,,,,,,,,,,,,,,,,,,,,,,,,,
33233,5870,,,,,,,,,,,,,,,,,,,,,,,,,
33237,8630,,,,,,,,,,,,,,,,,,,,,,,,,
33242,2925,,,,,,,,,,,,,,,,,,,,,,,,,
33243,9170,,,,,,,,,,,,,,,,,,,,,,,,,
33245,19250,,,,,,,,,,,,,,,,,,,,,,,,,
33250,12550,,,,,,,,,,,,,,,,,,,,,,,,,
33257,1500,,,,,,,,,,,,,,,,,,,,,,,,,
33258,2540,,,,,,,,,,,,,,,,,,,,,,,,,
33259,5795,,,,,,,,,,,,,,,,,,,,,,,,,
33261,11300,,,,,,,,,,,,,,,,,,,,,,,,,
33262,10540,,,,,,,,,,,,,,,,,,,,,,,,,
33264,7430,,,,,,,,,,,,,,,,,,,,,,,,,
33265,8400,,,,,,,,,,,,,,,,,,,,,,,,,
33266,4145,,,,,,,,,,,,,,,,,,,,,,,,,
33267,600,,,,,,,,,,,,,,,,,,,,,,,,,
33269,3550,,,,,,,,,,,,,,,,,,,,,,,,,
33270,3740,,,,,,,,,,,,,,,,,,,,,,,,,
33271,2495,,,,,,,,,,,,,,,,,,,,,,,,,
33273,7360,,,,,,,,,,,,,,,,,,,,,,,,,
33274,1700,,,,,,,,,,,,,,,,,,,,,,,,,
33275,4440,,,,,,,,,,,,,,,,,,,,,,,,,
33276,4060,,,,,,,,,,,,,,,,,,,,,,,,,
33277,5515,,,,,,,,,,,,,,,,,,,,,,,,,
33278,6995,,,,,,,,,,,,,,,,,,,,,,,,,
33284,4345,,,,,,,,,,,,,,,,,,,,,,,,,
33285,4220,,,,,,,,,,,,,,,,,,,,,,,,,
33292,8380,,,,,,,,,,,,,,,,,,,,,,,,,
33293,3550,,,,,,,,,,,,,,,,,,,,,,,,,
33297,10850,,,,,,,,,,,,,,,,,,,,,,,,,
33300,8170,,,,,,,,,,,,,,,,,,,,,,,,,
33302,3750,,,,,,,,,,,,,,,,,,,,,,,,,
33303,3935,,,,,,,,,,,,,,,,,,,,,,,,,
33305,4080,,,,,,,,,,,,,,,,,,,,,,,,,
33306,4215,,,,,,,,,,,,,,,,,,,,,,,,,
33308,12950,,,,,,,,,,,,,,,,,,,,,,,,,
33314,4145,,,,,,,,,,,,,,,,,,,,,,,,,
33315,3275,,,,,,,,,,,,,,,,,,,,,,,,,
33317,10050,,,,,,,,,,,,,,,,,,,,,,,,,
33319,3435,,,,,,,,,,,,,,,,,,,,,,,,,
33320,2425,,,,,,,,,,,,,,,,,,,,,,,,,
33322,6040,,,,,,,,,,,,,,,,,,,,,,,,,
33326,6140,,,,,,,,,,,,,,,,,,,,,,,,,
33327,18550,,,,,,,,,,,,,,,,,,,,,,,,,
33329,4250,,,,,,,,,,,,,,,,,,,,,,,,,
33335,9910,,,,,,,,,,,,,,,,,,,,,,,,,
33336,14140,,,,,,,,,,,,,,,,,,,,,,,,,
33337,6150,,,,,,,,,,,,,,,,,,,,,,,,,
33338,8050,,,,,,,,,,,,,,,,,,,,,,,,,
33341,4000,,,,,,,,,,,,,,,,,,,,,,,,,
33345,8070,,,,,,,,,,,,,,,,,,,,,,,,,
33347,12270,,,,,,,,,,,,,,,,,,,,,,,,,
33348,1795,,,,,,,,,,,,,,,,,,,,,,,,,
33349,8430,,,,,,,,,,,,,,,,,,,,,,,,,
33350,3885,,,,,,,,,,,,,,,,,,,,,,,,,
33351,6500,,,,,,,,,,,,,,,,,,,,,,,,,
33352,7050,,,,,,,,,,,,,,,,,,,,,,,,,
33354,0,,,,,,,,,,,,,,,,,,,,,,,,,
33356,2400,,,,,,,,,,,,,,,,,,,,,,,,,
33357,100,,,,,,,,,,,,,,,,,,,,,,,,,
33366,750,,,,,,,,,,,,,,,,,,,,,,,,,
33367,12370,,,,,,,,,,,,,,,,,,,,,,,,,
33369,8150,,,,,,,,,,,,,,,,,,,,,,,,,
33373,3550,,,,,,,,,,,,,,,,,,,,,,,,,
33376,6190,,,,,,,,,,,,,,,,,,,,,,,,,
33377,5805,,,,,,,,,,,,,,,,,,,,,,,,,
33382,13520,,,,,,,,,,,,,,,,,,,,,,,,,
33386,12190,,,,,,,,,,,,,,,,,,,,,,,,,
33387,13250,,,,,,,,,,,,,,,,,,,,,,,,,
33393,7250,,,,,,,,,,,,,,,,,,,,,,,,,
33394,2950,,,,,,,,,,,,,,,,,,,,,,,,,
33395,1700,,,,,,,,,,,,,,,,,,,,,,,,,
33399,650,,,,,,,,,,,,,,,,,,,,,,,,,
33400,4880,,,,,,,,,,,,,,,,,,,,,,,,,
33402,4150,,,,,,,,,,,,,,,,,,,,,,,,,
33405,7020,,,,,,,,,,,,,,,,,,,,,,,,,
33410,6240,,,,,,,,,,,,,,,,,,,,,,,,,
33414,6000,,,,,,,,,,,,,,,,,,,,,,,,,
33419,4280,,,,,,,,,,,,,,,,,,,,,,,,,
33427,2800,,,,,,,,,,,,,,,,,,,,,,,,,
33431,2700,,,,,,,,,,,,,,,,,,,,,,,,,
33432,2600,,,,,,,,,,,,,,,,,,,,,,,,,
33435,2700,,,,,,,,,,,,,,,,,,,,,,,,,
33439,4250,,,,,,,,,,,,,,,,,,,,,,,,,
33446,1750,,,,,,,,,,,,,,,,,,,,,,,,,
33449,5250,,,,,,,,,,,,,,,,,,,,,,,,,
33451,20130,,,,,,,,,,,,,,,,,,,,,,,,,
33452,19260,,,,,,,,,,,,,,,,,,,,,,,,,
33461,10760,,,,,,,,,,,,,,,,,,,,,,,,,
33466,6000,,,,,,,,,,,,,,,,,,,,,,,,,
33468,7170,,,,,,,,,,,,,,,,,,,,,,,,,
33475,6390,,,,,,,,,,,,,,,,,,,,,,,,,
33476,9110,,,,,,,,,,,,,,,,,,,,,,,,,
33478,2900,,,,,,,,,,,,,,,,,,,,,,,,,
33479,3250,,,,,,,,,,,,,,,,,,,,,,,,,
33483,,,,,,,,,,,,,,,,,,,,,,,,,,
33485,8730,,,,,,,,,,,,,,,,,,,,,,,,,
33486,9330,,,,,,,,,,,,,,,,,,,,,,,,,
33487,6870,,,,,,,,,,,,,,,,,,,,,,,,,
33488,7050,,,,,,,,,,,,,,,,,,,,,,,,,
33496,5970,,,,,,,,,,,,,,,,,,,,,,,,,
33498,4250,,,,,,,,,,,,,,,,,,,,,,,,,
33499,9250,,,,,,,,,,,,,,,,,,,,,,,,,
33506,4780,,,,,,,,,,,,,,,,,,,,,,,,,
33509,7825,,,,,,,,,,,,,,,,,,,,,,,,,
33510,140,,,,,,,,,,,,,,,,,,,,,,,,,
33513,11250,,,,,,,,,,,,,,,,,,,,,,,,,
33517,5450,,,,,,,,,,,,,,,,,,,,,,,,,
33518,5500,,,,,,,,,,,,,,,,,,,,,,,,,
33519,10510,,,,,,,,,,,,,,,,,,,,,,,,,
33521,9110,,,,,,,,,,,,,,,,,,,,,,,,,
33523,8020,,,,,,,,,,,,,,,,,,,,,,,,,
33524,7950,,,,,,,,,,,,,,,,,,,,,,,,,
33525,5980,,,,,,,,,,,,,,,,,,,,,,,,,
33526,5070,,,,,,,,,,,,,,,,,,,,,,,,,
33529,11350,,,,,,,,,,,,,,,,,,,,,,,,,
33531,6830,,,,,,,,,,,,,,,,,,,,,,,,,
33533,8650,,,,,,,,,,,,,,,,,,,,,,,,,
33537,0,,,,,,,,,,,,,,,,,,,,,,,,,
33544,5600,,,,,,,,,,,,,,,,,,,,,,,,,
33554,6430,,,,,,,,,,,,,,,,,,,,,,,,,
33555,9900,,,,,,,,,,,,,,,,,,,,,,,,,
33557,11840,,,,,,,,,,,,,,,,,,,,,,,,,
33559,13060,,,,,,,,,,,,,,,,,,,,,,,,,
33565,12100,,,,,,,,,,,,,,,,,,,,,,,,,
33566,600,,,,,,,,,,,,,,,,,,,,,,,,,
33567,7230,,,,,,,,,,,,,,,,,,,,,,,,,
33568,5950,,,,,,,,,,,,,,,,,,,,,,,,,
33573,13310,,,,,,,,,,,,,,,,,,,,,,,,,
33583,7160,,,,,,,,,,,,,,,,,,,,,,,,,
33586,9200,,,,,,,,,,,,,,,,,,,,,,,,,
33587,15210,,,,,,,,,,,,,,,,,,,,,,,,,
33590,9650,,,,,,,,,,,,,,,,,,,,,,,,,
33603,500,,,,,,,,,,,,,,,,,,,,,,,,,
33605,2850,,,,,,,,,,,,,,,,,,,,,,,,,
33607,3850,,,,,,,,,,,,,,,,,,,,,,,,,
33608,6450,,,,,,,,,,,,,,,,,,,,,,,,,
33610,2700,,,,,,,,,,,,,,,,,,,,,,,,,
33611,11410,,,,,,,,,,,,,,,,,,,,,,,,,
33614,3850,,,,,,,,,,,,,,,,,,,,,,,,,
33616,15480,,,,,,,,,,,,,,,,,,,,,,,,,
33623,5300,,,,,,,,,,,,,,,,,,,,,,,,,
33624,7500,,,,,,,,,,,,,,,,,,,,,,,,,
33631,9320,,,,,,,,,,,,,,,,,,,,,,,,,
33632,6930,,,,,,,,,,,,,,,,,,,,,,,,,
33637,3350,,,,,,,,,,,,,,,,,,,,,,,,,
33639,700,,,,,,,,,,,,,,,,,,,,,,,,,
33644,4200,,,,,,,,,,,,,,,,,,,,,,,,,
33646,5350,,,,,,,,,,,,,,,,,,,,,,,,,
33649,160,,,,,,,,,,,,,,,,,,,,,,,,,
33652,4450,,,,,,,,,,,,,,,,,,,,,,,,,
33653,6250,,,,,,,,,,,,,,,,,,,,,,,,,
33655,5650,,,,,,,,,,,,,,,,,,,,,,,,,
33659,2000,,,,,,,,,,,,,,,,,,,,,,,,,
33661,14005,,,,,,,,,,,,,,,,,,,,,,,,,
33662,10250,,,,,,,,,,,,,,,,,,,,,,,,,
33663,6780,,,,,,,,,,,,,,,,,,,,,,,,,
33664,12110,,,,,,,,,,,,,,,,,,,,,,,,,
33665,6400,,,,,,,,,,,,,,,,,,,,,,,,,
33666,8790,,,,,,,,,,,,,,,,,,,,,,,,,
33673,0,,,,,,,,,,,,,,,,,,,,,,,,,
33677,7570,,,,,,,,,,,,,,,,,,,,,,,,,
33678,6510,,,,,,,,,,,,,,,,,,,,,,,,,
33679,500,,,,,,,,,,,,,,,,,,,,,,,,,
33680,6460,,,,,,,,,,,,,,,,,,,,,,,,,
33681,7290,,,,,,,,,,,,,,,,,,,,,,,,,
33682,6810,,,,,,,,,,,,,,,,,,,,,,,,,
33687,0,,,,,,,,,,,,,,,,,,,,,,,,,
33688,3750,,,,,,,,,,,,,,,,,,,,,,,,,
33689,2670,,,,,,,,,,,,,,,,,,,,,,,,,
33690,13500,,,,,,,,,,,,,,,,,,,,,,,,,
33692,400,,,,,,,,,,,,,,,,,,,,,,,,,
33693,6620,,,,,,,,,,,,,,,,,,,,,,,,,
33695,8150,,,,,,,,,,,,,,,,,,,,,,,,,
33699,3550,,,,,,,,,,,,,,,,,,,,,,,,,
33702,10400,,,,,,,,,,,,,,,,,,,,,,,,,
33704,3550,,,,,,,,,,,,,,,,,,,,,,,,,
33705,6550,,,,,,,,,,,,,,,,,,,,,,,,,
33706,8370,,,,,,,,,,,,,,,,,,,,,,,,,
33713,4000,,,,,,,,,,,,,,,,,,,,,,,,,
33714,500,,,,,,,,,,,,,,,,,,,,,,,,,
33715,4040,,,,,,,,,,,,,,,,,,,,,,,,,
33716,10900,,,,,,,,,,,,,,,,,,,,,,,,,
33717,3300,,,,,,,,,,,,,,,,,,,,,,,,,
33724,6900,,,,,,,,,,,,,,,,,,,,,,,,,
33727,5620,,,,,,,,,,,,,,,,,,,,,,,,,
33728,10450,,,,,,,,,,,,,,,,,,,,,,,,,
33729,1050,,,,,,,,,,,,,,,,,,,,,,,,,
33731,8260,,,,,,,,,,,,,,,,,,,,,,,,,
33735,8440,,,,,,,,,,,,,,,,,,,,,,,,,
33737,7690,,,,,,,,,,,,,,,,,,,,,,,,,
33738,3840,,,,,,,,,,,,,,,,,,,,,,,,,
33741,5250,,,,,,,,,,,,,,,,,,,,,,,,,
33745,4800,,,,,,,,,,,,,,,,,,,,,,,,,
33747,4425,,,,,,,,,,,,,,,,,,,,,,,,,
33751,3800,,,,,,,,,,,,,,,,,,,,,,,,,
33753,9890,,,,,,,,,,,,,,,,,,,,,,,,,
33756,7990,,,,,,,,,,,,,,,,,,,,,,,,,
33765,1485,,,,,,,,,,,,,,,,,,,,,,,,,
33767,12200,,,,,,,,,,,,,,,,,,,,,,,,,
33768,3300,,,,,,,,,,,,,,,,,,,,,,,,,
33769,8810,,,,,,,,,,,,,,,,,,,,,,,,,
33773,900,,,,,,,,,,,,,,,,,,,,,,,,,
33777,6190,,,,,,,,,,,,,,,,,,,,,,,,,
33778,6000,,,,,,,,,,,,,,,,,,,,,,,,,
33779,0,,,,,,,,,,,,,,,,,,,,,,,,,
33780,0,,,,,,,,,,,,,,,,,,,,,,,,,
33786,450,,,,,,,,,,,,,,,,,,,,,,,,,
33789,5000,,,,,,,,,,,,,,,,,,,,,,,,,
33796,14190,,,,,,,,,,,,,,,,,,,,,,,,,
33797,5150,,,,,,,,,,,,,,,,,,,,,,,,,
33804,7280,,,,,,,,,,,,,,,,,,,,,,,,,
33805,7240,,,,,,,,,,,,,,,,,,,,,,,,,
33807,1250,,,,,,,,,,,,,,,,,,,,,,,,,
33811,7070,,,,,,,,,,,,,,,,,,,,,,,,,
33812,3700,,,,,,,,,,,,,,,,,,,,,,,,,
33813,12030,,,,,,,,,,,,,,,,,,,,,,,,,
33814,11520,,,,,,,,,,,,,,,,,,,,,,,,,
33818,6470,,,,,,,,,,,,,,,,,,,,,,,,,
33819,1500,,,,,,,,,,,,,,,,,,,,,,,,,
33821,2250,,,,,,,,,,,,,,,,,,,,,,,,,
33825,4155,,,,,,,,,,,,,,,,,,,,,,,,,
33826,1450,,,,,,,,,,,,,,,,,,,,,,,,,
33827,8650,,,,,,,,,,,,,,,,,,,,,,,,,
33829,5150,,,,,,,,,,,,,,,,,,,,,,,,,
33833,3580,,,,,,,,,,,,,,,,,,,,,,,,,
33835,5785,,,,,,,,,,,,,,,,,,,,,,,,,
33839,2970,,,,,,,,,,,,,,,,,,,,,,,,,
33843,1850,,,,,,,,,,,,,,,,,,,,,,,,,
33844,6550,,,,,,,,,,,,,,,,,,,,,,,,,
33846,2000,,,,,,,,,,,,,,,,,,,,,,,,,
33847,6620,,,,,,,,,,,,,,,,,,,,,,,,,
33848,8140,,,,,,,,,,,,,,,,,,,,,,,,,
33850,3440,,,,,,,,,,,,,,,,,,,,,,,,,
33853,6140,,,,,,,,,,,,,,,,,,,,,,,,,
33856,4250,,,,,,,,,,,,,,,,,,,,,,,,,
33857,4250,,,,,,,,,,,,,,,,,,,,,,,,,
33859,7380,,,,,,,,,,,,,,,,,,,,,,,,,
33860,8810,,,,,,,,,,,,,,,,,,,,,,,,,
33863,12150,,,,,,,,,,,,,,,,,,,,,,,,,
33870,0,,,,,,,,,,,,,,,,,,,,,,,,,
33871,6210,,,,,,,,,,,,,,,,,,,,,,,,,
33876,8200,,,,,,,,,,,,,,,,,,,,,,,,,
33879,690,,,,,,,,,,,,,,,,,,,,,,,,,
33880,3850,,,,,,,,,,,,,,,,,,,,,,,,,
33884,3000,,,,,,,,,,,,,,,,,,,,,,,,,
33886,4050,,,,,,,,,,,,,,,,,,,,,,,,,
33891,6000,,,,,,,,,,,,,,,,,,,,,,,,,
33892,4350,,,,,,,,,,,,,,,,,,,,,,,,,
33893,8580,,,,,,,,,,,,,,,,,,,,,,,,,
33899,6780,,,,,,,,,,,,,,,,,,,,,,,,,
33907,2900,,,,,,,,,,,,,,,,,,,,,,,,,
33909,900,,,,,,,,,,,,,,,,,,,,,,,,,
33911,1500,,,,,,,,,,,,,,,,,,,,,,,,,
33912,3050,,,,,,,,,,,,,,,,,,,,,,,,,
33913,250,,,,,,,,,,,,,,,,,,,,,,,,,
33915,2750,,,,,,,,,,,,,,,,,,,,,,,,,
33935,0,,,,,,,,,,,,,,,,,,,,,,,,,
33936,4900,,,,,,,,,,,,,,,,,,,,,,,,,
33940,7130,,,,,,,,,,,,,,,,,,,,,,,,,
33943,8080,,,,,,,,,,,,,,,,,,,,,,,,,
33945,1630,,,,,,,,,,,,,,,,,,,,,,,,,
33947,700,,,,,,,,,,,,,,,,,,,,,,,,,
33949,3750,,,,,,,,,,,,,,,,,,,,,,,,,
33950,2200,,,,,,,,,,,,,,,,,,,,,,,,,
33952,0,,,,,,,,,,,,,,,,,,,,,,,,,
33956,3120,,,,,,,,,,,,,,,,,,,,,,,,,
33958,1800,,,,,,,,,,,,,,,,,,,,,,,,,
33959,3360,,,,,,,,,,,,,,,,,,,,,,,,,
33961,2500,,,,,,,,,,,,,,,,,,,,,,,,,
33964,2120,,,,,,,,,,,,,,,,,,,,,,,,,
33968,3100,,,,,,,,,,,,,,,,,,,,,,,,,
33971,500,,,,,,,,,,,,,,,,,,,,,,,,,
33973,0,,,,,,,,,,,,,,,,,,,,,,,,,
33976,250,,,,,,,,,,,,,,,,,,,,,,,,,
33977,3450,,,,,,,,,,,,,,,,,,,,,,,,,
33978,3550,,,,,,,,,,,,,,,,,,,,,,,,,
33981,1500,,,,,,,,,,,,,,,,,,,,,,,,,
33983,4600,,,,,,,,,,,,,,,,,,,,,,,,,
33985,8300,,,,,,,,,,,,,,,,,,,,,,,,,
33986,3750,,,,,,,,,,,,,,,,,,,,,,,,,
33991,250,,,,,,,,,,,,,,,,,,,,,,,,,
33992,2730,,,,,,,,,,,,,,,,,,,,,,,,,
33994,5750,,,,,,,,,,,,,,,,,,,,,,,,,
33999,500,,,,,,,,,,,,,,,,,,,,,,,,,
34002,4440,,,,,,,,,,,,,,,,,,,,,,,,,
34008,8130,,,,,,,,,,,,,,,,,,,,,,,,,
34009,7060,,,,,,,,,,,,,,,,,,,,,,,,,
34010,6630,,,,,,,,,,,,,,,,,,,,,,,,,
34011,3290,,,,,,,,,,,,,,,,,,,,,,,,,
34014,1500,,,,,,,,,,,,,,,,,,,,,,,,,
34016,6900,,,,,,,,,,,,,,,,,,,,,,,,,
34017,4540,,,,,,,,,,,,,,,,,,,,,,,,,
34018,1500,,,,,,,,,,,,,,,,,,,,,,,,,
34019,750,,,,,,,,,,,,,,,,,,,,,,,,,
34022,9120,,,,,,,,,,,,,,,,,,,,,,,,,
34026,650,,,,,,,,,,,,,,,,,,,,,,,,,
34038,6470,,,,,,,,,,,,,,,,,,,,,,,,,
34040,4000,,,,,,,,,,,,,,,,,,,,,,,,,
34042,3750,,,,,,,,,,,,,,,,,,,,,,,,,
34043,0,,,,,,,,,,,,,,,,,,,,,,,,,
34045,1860,,,,,,,,,,,,,,,,,,,,,,,,,
34048,6810,,,,,,,,,,,,,,,,,,,,,,,,,
34050,7060,,,,,,,,,,,,,,,,,,,,,,,,,
34051,400,,,,,,,,,,,,,,,,,,,,,,,,,
34055,8360,,,,,,,,,,,,,,,,,,,,,,,,,
34056,6640,,,,,,,,,,,,,,,,,,,,,,,,,
34058,0,,,,,,,,,,,,,,,,,,,,,,,,,
34059,1700,,,,,,,,,,,,,,,,,,,,,,,,,
34066,6400,,,,,,,,,,,,,,,,,,,,,,,,,
34071,7440,,,,,,,,,,,,,,,,,,,,,,,,,
34075,1900,,,,,,,,,,,,,,,,,,,,,,,,,
34079,6120,,,,,,,,,,,,,,,,,,,,,,,,,
34086,6770,,,,,,,,,,,,,,,,,,,,,,,,,
34087,6300,,,,,,,,,,,,,,,,,,,,,,,,,
34089,,,,,,,,,,,,,,,,,,,,,,,,,,
34091,400,,,,,,,,,,,,,,,,,,,,,,,,,
34097,2070,,,,,,,,,,,,,,,,,,,,,,,,,
34100,1900,,,,,,,,,,,,,,,,,,,,,,,,,
34101,2050,,,,,,,,,,,,,,,,,,,,,,,,,
34102,0,,,,,,,,,,,,,,,,,,,,,,,,,
34104,0,,,,,,,,,,,,,,,,,,,,,,,,,
34105,1700,,,,,,,,,,,,,,,,,,,,,,,,,
34117,1700,,,,,,,,,,,,,,,,,,,,,,,,,
34120,500,,,,,,,,,,,,,,,,,,,,,,,,,
34121,500,,,,,,,,,,,,,,,,,,,,,,,,,
34124,2900,,,,,,,,,,,,,,,,,,,,,,,,,
34138,380,,,,,,,,,,,,,,,,,,,,,,,,,
34144,1925,,,,,,,,,,,,,,,,,,,,,,,,,
34146,3700,,,,,,,,,,,,,,,,,,,,,,,,,
34147,1000,,,,,,,,,,,,,,,,,,,,,,,,,
34148,6240,,,,,,,,,,,,,,,,,,,,,,,,,
34154,1500,,,,,,,,,,,,,,,,,,,,,,,,,
34155,3780,,,,,,,,,,,,,,,,,,,,,,,,,
34156,400,,,,,,,,,,,,,,,,,,,,,,,,,
34157,,,,,,,,,,,,,,,,,,,,,,,,,,
34159,40,,,,,,,,,,,,,,,,,,,,,,,,,
34160,1060,,,,,,,,,,,,,,,,,,,,,,,,,
34163,1900,,,,,,,,,,,,,,,,,,,,,,,,,
34167,1080,,,,,,,,,,,,,,,,,,,,,,,,,
34168,1870,,,,,,,,,,,,,,,,,,,,,,,,,
34169,2650,,,,,,,,,,,,,,,,,,,,,,,,,
34171,6120,,,,,,,,,,,,,,,,,,,,,,,,,
34176,2900,,,,,,,,,,,,,,,,,,,,,,,,,
34188,5940,,,,,,,,,,,,,,,,,,,,,,,,,
34197,5100,,,,,,,,,,,,,,,,,,,,,,,,,
34198,5380,,,,,,,,,,,,,,,,,,,,,,,,,
34201,6120,,,,,,,,,,,,,,,,,,,,,,,,,
34204,1500,,,,,,,,,,,,,,,,,,,,,,,,,
34208,0,,,,,,,,,,,,,,,,,,,,,,,,,
34210,300,,,,,,,,,,,,,,,,,,,,,,,,,
34211,0,,,,,,,,,,,,,,,,,,,,,,,,,
34215,1750,,,,,,,,,,,,,,,,,,,,,,,,,
34216,400,,,,,,,,,,,,,,,,,,,,,,,,,
34218,0,,,,,,,,,,,,,,,,,,,,,,,,,
34219,6340,,,,,,,,,,,,,,,,,,,,,,,,,
34221,2590,,,,,,,,,,,,,,,,,,,,,,,,,
34222,1750,,,,,,,,,,,,,,,,,,,,,,,,,
34224,1250,,,,,,,,,,,,,,,,,,,,,,,,,
34226,0,,,,,,,,,,,,,,,,,,,,,,,,,
34227,,,,,,,,,,,,,,,,,,,,,,,,,,
34230,1600,,,,,,,,,,,,,,,,,,,,,,,,,
34232,7900,,,,,,,,,,,,,,,,,,,,,,,,,
34233,0,,,,,,,,,,,,,,,,,,,,,,,,,
34236,4620,,,,,,,,,,,,,,,,,,,,,,,,,
34239,500,,,,,,,,,,,,,,,,,,,,,,,,,
34240,600,,,,,,,,,,,,,,,,,,,,,,,,,
34241,100,,,,,,,,,,,,,,,,,,,,,,,,,
34245,0,,,,,,,,,,,,,,,,,,,,,,,,,
34246,1300,,,,,,,,,,,,,,,,,,,,,,,,,
34247,5850,,,,,,,,,,,,,,,,,,,,,,,,,
34249,750,,,,,,,,,,,,,,,,,,,,,,,,,
34250,,,,,,,,,,,,,,,,,,,,,,,,,,
34251,4580,,,,,,,,,,,,,,,,,,,,,,,,,
34252,4990,,,,,,,,,,,,,,,,,,,,,,,,,
34255,580,,,,,,,,,,,,,,,,,,,,,,,,,
34259,0,,,,,,,,,,,,,,,,,,,,,,,,,
34260,1500,,,,,,,,,,,,,,,,,,,,,,,,,
34263,1400,,,,,,,,,,,,,,,,,,,,,,,,,
34264,6020,,,,,,,,,,,,,,,,,,,,,,,,,
34265,5830,,,,,,,,,,,,,,,,,,,,,,,,,
34266,300,,,,,,,,,,,,,,,,,,,,,,,,,
34267,300,,,,,,,,,,,,,,,,,,,,,,,,,
34268,620,,,,,,,,,,,,,,,,,,,,,,,,,
34270,500,,,,,,,,,,,,,,,,,,,,,,,,,
34272,4820,,,,,,,,,,,,,,,,,,,,,,,,,
34273,0,,,,,,,,,,,,,,,,,,,,,,,,,
34276,5580,,,,,,,,,,,,,,,,,,,,,,,,,
34277,550,,,,,,,,,,,,,,,,,,,,,,,,,
34280,4240,,,,,,,,,,,,,,,,,,,,,,,,,
34281,250,,,,,,,,,,,,,,,,,,,,,,,,,
34282,250,,,,,,,,,,,,,,,,,,,,,,,,,
34283,5200,,,,,,,,,,,,,,,,,,,,,,,,,
34285,600,,,,,,,,,,,,,,,,,,,,,,,,,
34293,500,,,,,,,,,,,,,,,,,,,,,,,,,
34299,1200,,,,,,,,,,,,,,,,,,,,,,,,,
34300,1350,,,,,,,,,,,,,,,,,,,,,,,,,
34303,950,,,,,,,,,,,,,,,,,,,,,,,,,
34306,0,,,,,,,,,,,,,,,,,,,,,,,,,
34309,950,,,,,,,,,,,,,,,,,,,,,,,,,
34315,250,,,,,,,,,,,,,,,,,,,,,,,,,
34317,,,,,,,,,,,,,,,,,,,,,,,,,,
34322,,,,,,,,,,,,,,,,,,,,,,,,,,
34325,400,,,,,,,,,,,,,,,,,,,,,,,,,
34326,1100,,,,,,,,,,,,,,,,,,,,,,,,,
34330,500,,,,,,,,,,,,,,,,,,,,,,,,,
34333,1000,,,,,,,,,,,,,,,,,,,,,,,,,
34339,0,,,,,,,,,,,,,,,,,,,,,,,,,
34341,1150,,,,,,,,,,,,,,,,,,,,,,,,,
34342,0,,,,,,,,,,,,,,,,,,,,,,,,,
34343,1800,,,,,,,,,,,,,,,,,,,,,,,,,
34344,0,,,,,,,,,,,,,,,,,,,,,,,,,
34345,0,,,,,,,,,,,,,,,,,,,,,,,,,
34346,0,,,,,,,,,,,,,,,,,,,,,,,,,
34353,580,,,,,,,,,,,,,,,,,,,,,,,,,
34355,350,,,,,,,,,,,,,,,,,,,,,,,,,
34357,0,,,,,,,,,,,,,,,,,,,,,,,,,
34359,500,,,,,,,,,,,,,,,,,,,,,,,,,
34360,500,,,,,,,,,,,,,,,,,,,,,,,,,
34363,1500,,,,,,,,,,,,,,,,,,,,,,,,,
34364,1480,,,,,,,,,,,,,,,,,,,,,,,,,
34367,300,,,,,,,,,,,,,,,,,,,,,,,,,
34368,500,,,,,,,,,,,,,,,,,,,,,,,,,
34369,500,,,,,,,,,,,,,,,,,,,,,,,,,
34372,160,,,,,,,,,,,,,,,,,,,,,,,,,
34373,500,,,,,,,,,,,,,,,,,,,,,,,,,
34374,750,,,,,,,,,,,,,,,,,,,,,,,,,
34376,,,,,,,,,,,,,,,,,,,,,,,,,,
34379,,,,,,,,,,,,,,,,,,,,,,,,,,
34382,,,,,,,,,,,,,,,,,,,,,,,,,,
34383,,,,,,,,,,,,,,,,,,,,,,,,,,
34384,,,,,,,,,,,,,,,,,,,,,,,,,,
34385,,,,,,,,,,,,,,,,,,,,,,,,,,
34387,,,,,,,,,,,,,,,,,,,,,,,,,,
34389,,,,,,,,,,,,,,,,,,,,,,,,,,
34391,,,,,,,,,,,,,,,,,,,,,,,,,,
34393,,,,,,,,,,,,,,,,,,,,,,,,,,
34394,,,,,,,,,,,,,,,,,,,,,,,,,,
34395,,,,,,,,,,,,,,,,,,,,,,,,,,
34396,,,,,,,,,,,,,,,,,,,,,,,,,,
34397,,,,,,,,,,,,,,,,,,,,,,,,,,
34398,,,,,,,,,,,,,,,,,,,,,,,,,,
34399,,,,,,,,,,,,,,,,,,,,,,,,,,
34401,,,,,,,,,,,,,,,,,,,,,,,,,,
34402,,,,,,,,,,,,,,,,,,,,,,,,,,
34403,,,,,,,,,,,,,,,,,,,,,,,,,,
34404,,,,,,,,,,,,,,,,,,,,,,,,,,
34406,,,,,,,,,,,,,,,,,,,,,,,,,,
34408,,,,,,,,,,,,,,,,,,,,,,,,,,
34409,,,,,,,,,,,,,,,,,,,,,,,,,,
34410,,,,,,,,,,,,,,,,,,,,,,,,,,
34417,,,,,,,,,,,,,,,,,,,,,,,,,,
34418,,,,,,,,,,,,,,,,,,,,,,,,,,
34419,,,,,,,,,,,,,,,,,,,,,,,,,,
34420,,,,,,,,,,,,,,,,,,,,,,,,,,
34421,,,,,,,,,,,,,,,,,,,,,,,,,,
34422,,,,,,,,,,,,,,,,,,,,,,,,,,
34423,,,,,,,,,,,,,,,,,,,,,,,,,,
34425,,,,,,,,,,,,,,,,,,,,,,,,,,
34426,,,,,,,,,,,,,,,,,,,,,,,,,,
34428,,,,,,,,,,,,,,,,,,,,,,,,,,
34433,,,,,,,,,,,,,,,,,,,,,,,,,,
34434,,,,,,,,,,,,,,,,,,,,,,,,,,
34437,,,,,,,,,,,,,,,,,,,,,,,,,,
34442,,,,,,,,,,,,,,,,,,,,,,,,,,
34444,,,,,,,,,,,,,,,,,,,,,,,,,,
34447,,,,,,,,,,,,,,,,,,,,,,,,,,
34448,,,,,,,,,,,,,,,,,,,,,,,,,,
34449,,,,,,,,,,,,,,,,,,,,,,,,,,
34450,,,,,,,,,,,,,,,,,,,,,,,,,,
34457,,,,,,,,,,,,,,,,,,,,,,,,,,
34462,,,,,,,,,,,,,,,,,,,,,,,,,,
34463,,,,,,,,,,,,,,,,,,,,,,,,,,
34464,,,,,,,,,,,,,,,,,,,,,,,,,,
34467,,,,,,,,,,,,,,,,,,,,,,,,,,
34472,,,,,,,,,,,,,,,,,,,,,,,,,,
34473,,,,,,,,,,,,,,,,,,,,,,,,,,
34474,,,,,,,,,,,,,,,,,,,,,,,,,,
34479,,,,,,,,,,,,,,,,,,,,,,,,,,
34480,,,,,,,,,,,,,,,,,,,,,,,,,,
34481,,,,,,,,,,,,,,,,,,,,,,,,,,
34482,,,,,,,,,,,,,,,,,,,,,,,,,,
34484,,,,,,,,,,,,,,,,,,,,,,,,,,
34485,,,,,,,,,,,,,,,,,,,,,,,,,,
34486,,,,,,,,,,,,,,,,,,,,,,,,,,
34487,,,,,,,,,,,,,,,,,,,,,,,,,,
34488,,,,,,,,,,,,,,,,,,,,,,,,,,
34489,,,,,,,,,,,,,,,,,,,,,,,,,,
34490,,,,,,,,,,,,,,,,,,,,,,,,,,
34492,,,,,,,,,,,,,,,,,,,,,,,,,,
34494,,,,,,,,,,,,,,,,,,,,,,,,,,
34496,,,,,,,,,,,,,,,,,,,,,,,,,,
34498,,,,,,,,,,,,,,,,,,,,,,,,,,
34503,,,,,,,,,,,,,,,,,,,,,,,,,,
34504,,,,,,,,,,,,,,,,,,,,,,,,,,
34505,,,,,,,,,,,,,,,,,,,,,,,,,,
34507,,,,,,,,,,,,,,,,,,,,,,,,,,
34508,,,,,,,,,,,,,,,,,,,,,,,,,,
34511,,,,,,,,,,,,,,,,,,,,,,,,,,
34512,,,,,,,,,,,,,,,,,,,,,,,,,,
34513,,,,,,,,,,,,,,,,,,,,,,,,,,
34515,,,,,,,,,,,,,,,,,,,,,,,,,,
34517,,,,,,,,,,,,,,,,,,,,,,,,,,
34518,,,,,,,,,,,,,,,,,,,,,,,,,,
34519,,,,,,,,,,,,,,,,,,,,,,,,,,
34520,,,,,,,,,,,,,,,,,,,,,,,,,,
34521,,,,,,,,,,,,,,,,,,,,,,,,,,
34523,,,,,,,,,,,,,,,,,,,,,,,,,,
34526,,,,,,,,,,,,,,,,,,,,,,,,,,
34528,,,,,,,,,,,,,,,,,,,,,,,,,,
34529,,,,,,,,,,,,,,,,,,,,,,,,,,
34532,,,,,,,,,,,,,,,,,,,,,,,,,,
34533,,,,,,,,,,,,,,,,,,,,,,,,,,
34535,,,,,,,,,,,,,,,,,,,,,,,,,,
50001,0,,,,,,,,,,,,,,,,,,,,,,,,,
50002,0,,,,,,,,,,,,,,,,,,,,,,,,,
50003,0,,,,,,,,,,,,,,,,,,,,,,,,,
50004,4000,,,,,,,,,,,,,,,,,,,,,,,,,
50005,2300,,,,,,,,,,,,,,,,,,,,,,,,,
50006,,,,,,,,,,,,,,,,,,,,,,,,,,
50007,,,,,,,,,,,,,,,,,,,,,,,,,,
50008,,,,,,,,,,,,,,,,,,,,,,,,,,
50009,75,,,,,,,,,,,,,,,,,,,,,,,,,
55550,,,,,,,,,,,,,,,,,,,,,,,,,,
55551,0,,,,,,,,,,,,,,,,,,,,,,,,,
55552,0,,,,,,,,,,,,,,,,,,,,,,,,,
55554,,200,0,,,,,,,,,,,,,,,,,,,,,,,
97075,11750,46320,10240,56410,45840,57930,53675,63345,56355,17000,7225,1850,,,,,,,,,,,,,,